Území;Sudety;% dětí;% dětí v neúplných rodinách;% v produktivním věku;% nad 65;Průměrný věk mužů;Průměrný věk žen;% v manželství;% rozvedených;% ovdovělých;% Pavel Petr – 2. kolo;% Babiš Andrej – 2. kolo;% Volební účast v 2. kole;% bez vzdělání;% se základní školou;% s výučním listem;% s maturitou;% vysokoškoláků + VOŠ;% Čechů;% Moravanů + Slezanů;% Slováků;% Poláků;% Němců;% Romů;% Rusů;% Ukrajinců;% Vietnamců;% cizinců;% neuvedená národnost;% zaměstnaných (15-64);% řídící pracovníci;% specialistů;% technických pracovníků;% úředníků;% ve službách a prodeji;% zemědělci, lesníci a rybáři;% řemeslníků;% obsluha strojů / zařízení;% nekvalifikovaných pracovníků;% v ozbrojených silách;% neznámý sektor práce;% zaměstnanců;% zaměstnavatelů;% podnikatelů bez zaměstnanců;% neznámý pracovní poměr;% žen 15+;Plodnost ženy (odhad);% v církvi;% věřících mimo církve
Aš;1;16.28;35.57;63.87;19.84;41.1;43.9;33.59;13.94;6.76;44.8;55.19;56.92;1.28;20.30;35.88;24.76;6.79;58.04;0.2;2.67;0.23;1.57;0.15;0.18;0.65;1.85;7.29;34.46;73.32;2.10;6.29;7.60;3.76;10.50;0.45;11.37;16.45;5.40;0.02;9.41;46.38;0.64;6.80;19.50;51.01;1.61198581560284;6.83910831112188;7.14199176157015
Benešov;0;17.48;22.85;62.11;20.41;41.3;43.6;39.54;11.48;6.67;62.3;37.69;74.06;0.61;11.22;31.76;34.11;17.48;64.95;0.31;1.17;0.15;0.1;0.03;0.13;0.61;0.22;2.41;32.33;82.33;4.32;14.60;14.20;6.38;11.25;1.19;9.62;8.80;3.17;0.20;8.59;61.31;0.96;13.48;6.58;50.73;1.58081640475278;10.2286401925391;8.5952667468913
Beroun;0;18.98;21.51;63.41;17.61;39.6;41.9;38.63;11.33;6.13;66.88;33.11;73.33;0.47;11.41;29.01;33.47;20.34;64.45;0.35;1.71;0.09;0.15;0.16;0.36;0.96;0.27;3.70;31.5;82.33;4.98;16.57;14.43;7.12;10.40;0.71;8.08;8.16;2.67;0.33;8.89;62.04;0.85;12.78;6.67;50.92;1.49812613770211;6.91671084408317;7.53666725569889
Bílina;1;16.15;38.38;63.99;19.86;40.8;43.5;32.72;13.25;7.45;32.24;67.75;60.68;1.68;20.93;37.55;22.07;6.90;59.19;0.12;1.28;0.03;0.49;0.68;0.17;0.18;0.55;3.38;37.31;69.37;2.26;6.49;9.15;4.06;8.92;0.36;9.39;14.39;4.81;0.12;9.39;56.23;0.52;5.97;6.65;50.90;1.64483906770255;4.05241829377401;5.33656123361928
Bílovec;0;16.27;23.31;63.39;20.35;41.4;44.3;40.92;10.33;7.43;48.23;51.76;70.55;0.77;13.29;35.57;29.50;15.85;61;6.91;1.51;0.11;0.14;0.16;0.04;0.17;0.1;2.21;29.86;76.58;3.41;12.24;12.15;4.37;9.78;0.82;11.85;10.88;3.38;0.27;7.43;61.29;0.98;8.74;5.57;50.92;1.70645681236371;13.1013016411998;9.64103807906864
Blansko;0;17.09;20.4;61.27;21.63;41.6;44.7;41.62;10.77;7.2;58.24;41.75;72.31;0.35;11.33;32.84;32.14;19.46;53.23;23.78;0.98;0.07;0.05;0.04;0.11;0.42;0.12;1.79;21.2;80.85;4.01;15.29;14.27;4.97;9.99;0.89;11.47;9.50;3.11;0.18;7.18;64.57;0.75;9.57;5.96;51.18;1.62950654158428;18.4692001499384;11.4988486871464
Blatná;0;14.68;24.03;60.96;24.35;43.3;46.8;40.84;11.13;8.01;58.58;41.41;70.91;1.05;13.17;36.59;31.18;12.84;61.02;0.15;0.73;0.02;0.05;0.08;0.07;0.33;0.2;1.49;37.35;79.97;3.03;9.76;10.48;4.12;9.47;2.08;14.24;13.56;3.93;0.41;8.89;62.26;0.91;9.60;7.21;50.96;1.66320474777448;10.7004629278288;8.81839568945891
Blovice;0;15.98;20.26;61.54;22.48;42.6;45;41.82;10.96;7.59;51.84;48.15;72.61;0.52;13.37;38.25;28.87;13.41;64.46;0.11;0.66;0.03;0.05;0.07;0.05;0.37;0.23;1.47;33.97;79.31;3.67;10.78;12.74;4.70;10.31;1.32;12.15;11.96;2.84;0.32;8.53;62.26;0.77;10.31;5.97;50.49;1.62587822014052;6.40834575260805;6.71468786222885
Bohumín;0;15.25;25.09;63.91;20.84;42.1;45.2;39.57;12.11;7.74;40.22;59.77;65.5;0.82;15.12;33.21;30.27;14.57;63.43;5.17;2.21;1.88;0.16;0.66;0.03;0.07;0.08;5.09;26.31;74.03;2.89;10.95;11.52;4.88;10.99;0.41;9.68;11.53;3.62;0.18;7.38;60.95;0.75;6.44;5.89;51.16;1.57394940117639;14.2606932153392;9.43645526057031
Boskovice;0;16.59;21.37;62.34;21.07;41.4;44.2;40.22;9.93;7.52;54.51;45.48;72.25;0.55;11.73;36.81;30.53;16.21;52.62;21;0.67;0.06;0.05;0.04;0.05;0.34;0.07;1.28;25.1;77.63;3.44;12.59;11.68;4.29;9.84;1.08;12.00;11.37;3.71;0.23;7.41;62.27;0.74;9.32;5.29;51.03;1.69854088281178;26.3084915240997;10.8917272088118
Brandýs nad Labem-Stará Boleslav;0;21.39;19.19;64.01;14.61;37.8;39.7;39.92;9.84;4.74;72.78;27.21;77.18;0.39;10.84;24.36;33.58;25.97;65.03;0.56;2.28;0.17;0.18;0.06;0.53;1.87;0.18;5.27;29.14;83.28;6.41;19.34;16.11;7.44;9.00;0.54;6.60;6.48;2.36;0.37;8.62;61.74;0.73;14.16;6.65;50.81;1.46956222925691;8.45956130062636;8.14846238947255
Brno;0;15.14;28.69;65.21;19.65;40.1;43.5;34.41;11.97;6.07;68.24;31.75;67.85;0.39;9.30;19.99;31.68;33.66;53.3;21.38;2.56;0.18;0.15;0.26;0.47;1.19;0.44;5.25;20.07;81.52;4.50;24.85;14.60;6.29;9.55;0.27;5.66;5.24;2.73;0.24;7.59;61.28;0.61;11.06;8.57;51.61;1.27013878542696;16.2648365160222;11.9944292489523
Broumov;1;15.15;29.18;61.02;23.83;43;46.1;37.18;13.42;7.47;48.64;51.35;64.98;1.10;16.56;41.07;25.41;8.12;60.46;0.29;1.39;0.37;0.45;0.62;0.05;0.11;0.06;3.05;36.2;75.03;3.00;8.10;8.36;4.04;10.83;1.34;10.93;14.35;3.97;0.07;10.04;58.88;0.78;9.30;6.07;50.65;1.76439912826899;7.56004549407908;7.34595571017596
Bruntál;1;15.35;33.28;63.07;21.59;42.1;45.2;34.91;13.36;7.35;38.15;61.84;63.33;1.13;16.80;37.48;26.49;10.73;55.93;8.28;1.98;0.18;0.22;0.37;0.02;0.15;0.06;3.00;32.81;73.16;2.87;8.57;10.04;3.76;10.07;1.45;9.64;13.02;4.53;0.27;8.97;55.49;1.23;9.35;7.09;51.07;1.7463474025974;8.38060705304404;8.82507748991169
Břeclav;0;15.04;23.49;63.27;21.68;42.2;45.5;40.31;11.43;7.58;52.51;47.48;68.95;0.53;15.60;34.12;29.96;14.42;53.22;22.38;2.08;0.05;0.05;0.18;0.05;0.26;0.22;2.90;21.51;77.96;3.42;11.05;11.44;5.50;11.66;1.86;10.07;10.82;4.21;0.19;7.74;58.73;1.19;9.38;8.66;51.35;1.61515896297471;18.6575811556355;11.1724114076201
Bučovice;0;16.05;18.38;63.73;20.22;41.6;44.1;41.17;9.81;7.09;49.74;50.25;69.17;0.49;14.64;37.44;28.41;13.86;48.13;25.99;1.22;0.01;0.06;0.06;0.06;0.28;0.06;1.76;24.13;78.08;3.14;10.66;11.39;4.31;9.17;0.68;12.31;12.66;4.53;1.00;8.22;61.33;0.89;10.38;5.48;49.94;1.71788715486194;17.0608958228485;9.91444388525415
Bystřice nad Pernštejnem;0;15.24;19.68;62.02;22.73;42.6;45.6;43.53;8.79;8.04;53.44;46.55;73.03;0.41;13.50;40.91;27.64;13.26;55.41;15.74;0.58;0.03;0.05;0.03;0.03;0.33;0.02;1.07;27.78;75.87;2.99;9.07;9.84;3.10;9.14;1.97;13.98;14.20;3.79;0.22;7.56;59.98;0.79;10.32;4.77;50.23;1.83217131474104;30.1335736245097;8.75649316230255
Bystřice pod Hostýnem;0;14.77;23.59;62.18;23.05;42.8;46.5;41.14;10.95;7.93;51.52;48.47;69.25;0.88;11.57;38.11;30.04;14.77;55.35;17.3;0.74;0.12;0.09;0.12;0.06;0.18;0.01;1.33;26.03;77.27;3.32;11.77;10.84;3.51;11.26;1.22;12.82;10.32;3.88;0.66;7.66;59.41;1.07;10.55;6.24;51.18;1.68436323713927;23.1953472459802;12.1450564488539
Čáslav;0;16.7;22.33;62.1;21.20;41.6;44.6;40.3;11.08;7.94;51.35;48.64;71.09;0.52;11.81;35.07;32.42;14.59;63.75;0.42;1.2;0.06;0.05;0.12;0.06;0.6;0.39;2.47;33.35;77.66;3.03;11.70;12.28;4.96;10.61;1.27;9.64;9.45;3.72;2.51;8.50;59.06;0.89;9.56;8.16;50.92;1.64779466271312;9.46392076717497;7.03505738091495
Černošice;0;20.58;21.17;63.44;15.97;38.8;40.4;39.93;9.96;4.79;75.93;24.06;77.34;0.38;10.38;22.06;32.79;29.95;66.2;0.5;2.1;0.14;0.25;0.06;0.81;1.13;0.42;4.92;28.39;83.19;7.18;21.35;16.04;6.80;9.57;0.57;5.99;4.86;2.23;0.23;8.36;59.10;0.86;15.88;7.35;51.14;1.45184045340971;9.3289932113396;8.77822677962536
Česká Lípa;1;16.48;29.59;64.23;19.29;40.6;43.4;34.83;14.08;6.5;47.06;52.93;63.58;0.99;15.90;37.67;27.36;10.34;59.75;0.3;1.31;0.16;0.25;0.33;0.17;0.51;0.32;3.05;36.9;76.66;2.56;8.82;9.71;4.79;9.26;0.66;10.61;15.59;4.72;0.19;9.77;61.87;0.73;7.82;6.23;50.26;1.66321514651782;4.71252279716184;5.55651699303771
Česká Třebová;0;15.24;26.61;62.5;22.26;42.4;45.3;38.78;12.53;7.45;54.54;45.45;72.62;0.71;14.07;33.70;33.75;12.78;64.03;0.75;0.88;0.23;0.07;0.41;0.03;0.21;0.18;2.02;33.21;79.94;3.35;11.58;12.53;6.39;10.55;0.50;10.61;12.56;3.69;0.16;8.03;66.15;0.86;7.47;5.46;51.19;1.65755242898859;8.47203824223924;7.37199792662558
České Budějovice;0;16.61;25.29;63.73;19.66;40.8;43.4;38.63;11.99;6.39;64.06;35.93;71.58;0.45;10.85;27.25;32.81;23.40;66.9;0.38;1.03;0.07;0.16;0.23;0.2;0.88;0.23;2.80;29.92;81.82;4.25;16.44;15.05;5.80;10.64;0.62;8.56;8.34;3.24;0.31;8.56;62.87;0.77;10.75;7.43;51.57;1.45907458211952;12.0352690787473;10.6439647309213
Český Brod;0;19.14;21.42;63.34;17.52;39.6;41.4;38.25;10.87;6.09;66.32;33.67;72.21;0.74;13.48;30.54;31.76;17.99;62.86;0.43;1.71;0.12;0.11;0.04;0.16;0.99;0.22;3.37;33.36;80.86;4.62;14.86;13.82;7.13;10.51;1.03;9.08;7.86;3.01;0.16;8.75;60.50;0.83;13.30;6.22;50.61;1.53102826217679;7.84033861600551;6.82645929717492
Český Krumlov;1;16.75;25.65;63.19;20.06;41.5;43.5;38.17;12.18;6.61;59.04;40.95;68.71;0.74;16.06;34.65;28.06;13.48;62.17;0.34;1.68;0.12;0.45;0.39;0.1;0.41;0.8;3.93;33.54;76.66;3.41;9.86;10.09;4.42;12.43;1.26;10.90;9.94;4.76;0.20;9.39;53.82;0.95;10.71;11.17;50.41;1.65625186155954;10.4625;9.55
Český Těšín;0;15.47;28.8;63.64;20.89;41.9;44.8;39.08;12.73;7.3;48.57;51.42;64.21;0.62;12.98;32.85;30.84;17.00;58.21;5.17;2.69;14.4;0.19;0.19;0.04;0.03;0.48;18.03;18.6;72.45;2.94;12.30;11.09;4.99;10.59;0.28;8.43;10.88;3.44;0.12;7.39;57.74;0.75;6.94;7.03;51.92;1.60806782187442;31.910544175968;11.1083854613844
Dačice;0;15.11;22.45;62.32;22.57;42.9;45.7;41.65;9.79;7.91;52.16;47.83;71.37;0.64;15.12;41.10;26.95;11.15;62.14;2.59;0.61;0.03;0.06;0.02;0.03;0.09;0.28;1.12;34.15;76.00;2.69;8.60;9.67;3.44;9.09;2.37;13.65;14.79;3.50;0.22;7.97;57.84;0.78;10.20;7.18;50.04;1.81569988215268;20.2736525946938;8.61560709716892
Děčín;1;15.98;33.16;61.87;22.16;41.8;44.7;36.24;13.48;7.14;45.52;54.47;66.51;1.15;16.23;34.70;29.48;10.50;63.06;0.17;0.93;0.19;0.26;0.49;0.07;0.21;0.6;2.77;34.02;73.00;3.13;10.23;11.17;4.40;11.22;0.67;9.08;10.27;4.11;0.11;8.61;53.27;1.10;9.17;9.47;51.01;1.63202949460426;3.96093326098752;5.46527400976668
Dobruška;0;16.96;22.95;60.46;22.58;42;44.5;40.71;10.58;7.07;62.57;37.42;74.87;0.72;12.87;34.39;33.24;14.03;65.4;0.36;1.03;0.23;0.2;0.16;0.04;0.42;0.25;2.33;31.91;80.62;3.72;12.05;11.63;5.54;10.06;1.46;12.62;11.52;3.36;0.45;8.21;63.19;0.93;10.82;5.68;50.77;1.6856215436403;14.9916375247073;9.31022249252446
Dobříš;0;17.83;22.63;62.57;19.59;40.8;43.1;40.18;10.85;6.85;66.53;33.46;75.46;0.34;11.11;33.52;31.54;18.58;64.79;0.42;1.12;0.11;0.1;0.02;0.13;0.48;0.12;2.08;32.71;81.38;4.67;15.63;14.05;5.81;11.29;1.24;9.55;7.71;2.82;0.28;8.34;59.72;0.79;14.48;6.38;50.75;1.5810033309781;9.1173127920192;8.50275708212316
Domažlice;0;15.9;24.02;62.79;21.30;42.1;44.3;40.53;11.08;7.26;52.73;47.26;68.95;0.58;14.06;36.19;30.88;11.67;60.44;0.2;1.24;0.03;0.38;0.06;0.08;0.73;1.63;4.17;35.21;76.73;2.82;8.82;10.08;4.84;11.12;1.39;12.20;12.99;4.16;0.12;8.19;51.98;0.83;8.29;15.63;51.02;1.6135972971371;13.160571690148;8.5982401708967
Dvůr Králové nad Labem;0;15.03;27.88;60.99;23.98;43;46.1;39.09;12.86;7.46;59.33;40.66;69.98;0.51;13.73;38.35;29.13;12.61;62.45;0.26;0.75;0.28;0.21;0.14;0.08;0.44;0.12;2.03;35.27;79.35;3.70;10.87;11.15;4.31;11.60;1.22;11.72;11.20;4.14;0.18;9.25;61.37;1.13;11.39;5.46;50.71;1.64430244941427;6.90195778525543;6.57311104313246
Frenštát pod Radhoštěm;0;16.65;21.82;62.76;20.58;41;44.6;40.17;10.88;7.22;54.78;45.21;71.82;0.40;11.83;35.30;31.56;16.87;61.26;10.09;1.42;0.18;0.09;0.04;0.04;0.08;0.16;2.01;26.64;78.10;3.22;12.17;12.80;5.09;9.42;0.60;11.40;13.11;3.06;0.18;7.07;62.40;0.96;9.57;5.17;51.19;1.65714109369214;16.953705166693;11.2550692579133
Frýdek-Místek;0;16.23;25.64;63.7;20.07;41.4;44.2;39.94;11.73;6.98;50.62;49.37;70.24;0.49;11.58;32.37;31.90;18.88;63.84;6.16;2.08;0.5;0.1;0.08;0.04;0.14;0.12;3.05;26.94;76.46;3.65;13.30;13.27;5.30;10.40;0.57;8.90;10.14;3.38;0.20;7.36;60.05;0.96;9.09;6.36;51.16;1.61011936424179;17.2377635130206;10.4301918447735
Frýdlant;1;16.54;26.08;62.23;21.23;41.6;43.8;36.62;12.27;6.98;45.14;54.85;65.86;1.39;17.01;41.63;24.33;7.81;59.86;0.18;1.2;0.46;0.5;0.91;0.05;0.26;0.49;3.87;36.09;73.94;2.45;7.87;9.41;3.97;9.28;1.25;10.75;15.46;3.87;0.29;9.32;57.56;0.68;9.22;6.48;50.24;1.72450931051837;6.266880486158;6.11917623227549
Frýdlant nad Ostravicí;0;16.64;21.85;61.67;21.68;42.3;44.7;41.97;10.55;7.14;55.23;44.76;72.88;0.88;10.81;30.42;32.79;21.46;64.87;6.86;1.66;0.24;0.14;0.03;0.06;0.08;0.03;2.24;26.03;78.60;5.07;14.92;13.83;4.50;10.85;1.26;9.55;7.99;3.08;0.16;7.40;58.15;1.23;12.84;6.37;50.83;1.63050090295599;18.0291559278351;11.7791559278351
Havířov;0;14.45;35.47;63.39;22.16;42.5;46.3;36.79;14.26;8.37;41.01;58.98;63.31;0.76;14.37;35.31;28.93;14.13;61.64;4.88;2.97;3.76;0.13;0.37;0.07;0.13;0.07;7.50;25.98;70.46;2.93;11.03;10.91;5.07;10.75;0.26;7.78;10.76;3.21;0.18;7.57;57.04;0.57;6.32;6.54;51.69;1.6168545429852;13.9401073886773;9.2013117274682
Havlíčkův Brod;0;16.58;20.72;62.15;21.27;41.6;44.5;41.53;10.15;7.26;58.16;41.83;73.85;0.44;11.27;34.22;33.49;16.26;65.06;0.58;0.7;0.06;0.05;0.09;0.08;0.48;0.15;1.62;32.75;80.97;3.45;13.08;12.54;4.85;10.31;1.59;10.93;11.56;3.71;0.67;8.26;63.67;1.01;10.09;6.19;50.66;1.68280376380745;14.8128938066697;9.587751652067
Hlavní město Praha;0;15.32;26.94;66.32;18.36;39.9;42.8;34.11;11.54;5.42;76.36;23.63;73.17;0.36;7.78;17.05;32.79;35.96;61.71;0.66;2.46;0.24;0.28;0.14;1.53;2.54;0.78;7.96;29.66;85.03;5.68;26.19;15.55;6.90;9.74;0.25;4.70;3.70;2.42;0.14;9.76;59.91;0.49;15.75;8.88;51.81;1.16730450591833;11.5791681778226;10.4805322137461
Hlinsko;0;15.7;24.57;61.93;22.38;42.1;45.1;41.6;9.57;8.1;50.06;49.93;73.09;0.45;13.70;41.79;28.05;11.72;62.58;0.38;0.37;0.04;0.04;0.02;0.04;0.13;0.13;0.77;36.27;76.51;3.22;9.62;10.20;4.00;9.24;1.31;14.52;12.25;3.49;0.42;8.23;58.08;1.17;11.89;5.36;50.49;1.76079447322971;19.6412819758894;8.96795060276389
Hlučín;0;16.28;18.8;63.53;20.20;41.5;44.5;44.64;8.21;8.05;47.53;52.46;72.34;0.67;14.23;35.91;28.36;16.79;63.39;12.1;0.87;0.25;1.61;0.06;0.03;0.08;0.04;2.92;21.57;77.96;3.82;13.14;13.26;5.08;10.79;0.50;12.14;8.95;3.49;0.17;6.62;61.02;1.12;9.82;6.01;51.54;1.62664291138501;37.4675439259875;10.5649247523255
Hodonín;0;14.99;24.91;63.73;21.28;42.4;45.6;40.63;11.62;7.54;51.5;48.49;67.94;0.51;14.95;36.74;29.40;13.13;51.48;24.8;2.12;0.03;0.03;0.12;0.05;0.18;0.17;2.70;21.02;74.99;3.28;9.95;11.16;4.45;10.77;1.26;11.44;10.70;3.93;0.26;7.80;57.30;0.97;9.75;6.96;51.19;1.6641858455738;24.4171737198332;11.400150406782
Holešov;0;16.05;20.63;62.73;21.22;42;44.7;41.4;10.72;7.39;51.78;48.21;72.29;0.47;13.82;37.45;29.45;14.62;56.84;16.96;0.75;0.02;0.04;0.18;0.02;0.14;0.09;1.25;24.96;78.43;3.20;11.20;11.75;4.53;10.41;0.85;12.72;11.85;3.79;0.47;7.66;60.94;0.90;10.71;5.88;51.19;1.67299670691548;25.1828088880502;11.3884040194367
Holice;0;17.57;20.64;61.88;20.55;40.9;43.9;42.05;9.75;7.21;59.23;40.76;73.57;0.49;12.38;36.60;30.63;15.04;64.35;0.43;0.67;0.06;0.08;0.02;0.08;0.6;0.17;1.68;33.54;79.68;3.96;12.83;12.53;5.75;9.22;1.35;11.25;10.49;3.24;0.48;8.57;62.06;0.80;11.23;5.59;50.84;1.62145507553671;8.39720093302233;7.58080639786738
Horažďovice;0;14.22;24.2;61.41;24.37;43.8;47.1;42.94;10;8.66;51.47;48.52;72.17;0.42;13.01;39.92;29.69;11.56;64.94;0.15;0.61;0.04;0.14;0.03;0.05;0.43;0.12;1.40;33.49;76.55;3.09;9.08;10.57;4.21;9.89;1.92;12.44;12.38;4.05;0.43;8.47;59.45;0.89;9.52;6.68;50.11;1.72036763152335;16.9012805376442;10.3714467350831
Horšovský Týn;0;16.47;22.36;63.64;19.89;41.5;43.3;40.73;10.92;6.69;45.02;54.97;67;0.75;14.63;40.66;27.89;8.97;59.9;0.17;1.02;0.1;0.35;0.25;0.03;0.63;0.78;3.15;36.77;76.58;2.51;8.07;9.70;4.20;8.83;1.45;14.36;14.35;4.09;0.08;8.95;56.81;0.83;7.66;11.29;49.60;1.66062479117942;7.15027341316536;7.28871045891881
Hořice;0;15.67;24.7;60.95;23.38;42.6;45.7;40.82;11.19;7.65;56.03;43.96;73.91;0.59;11.97;37.90;30.32;13.41;61.8;0.24;0.98;0.1;0.16;0.27;0.06;0.59;0.35;2.50;35.45;78.21;3.17;11.16;10.92;4.72;10.43;1.55;11.25;11.72;3.56;0.21;9.54;58.92;0.88;12.78;5.62;50.95;1.66242329285808;6.79344777291597;7.16930326489398
Hořovice;0;16.13;21.43;62.91;20.96;41.8;44.3;40.78;10.75;7.33;58.94;41.05;73.82;0.48;11.71;35.56;32.56;14.07;62.89;0.24;1;0.03;0.11;0.1;0.22;1.31;0.49;3.26;33.61;82.61;3.90;11.80;13.42;6.43;9.36;0.78;10.95;12.98;3.49;0.33;9.17;65.16;1.08;10.66;5.72;50.17;1.54951938228806;5.91745400298359;6.66335156638488
Hradec Králové;0;15.79;25.13;61.95;22.26;41.7;44.9;39.28;11.94;6.93;63.26;36.73;73.8;0.43;10.52;27.56;34.46;22.08;66.81;0.43;1.18;0.14;0.12;0.15;0.13;0.81;0.21;2.74;30.02;82.11;4.28;18.19;14.44;6.48;10.33;0.65;7.80;7.67;3.23;0.48;8.57;62.66;0.85;11.66;6.95;51.74;1.49245401666405;8.85529749388711;8.02106806024534
Hranice;0;15.58;24.45;63.52;20.90;41.7;44.8;40.18;10.9;7.5;52.07;47.92;70.78;0.92;12.31;34.46;32.12;15.65;58.97;14.25;1.24;0.08;0.08;0.32;0.04;0.31;0.17;2.24;24.54;78.16;3.61;11.50;12.14;4.16;9.52;0.95;10.88;12.12;3.87;1.66;7.76;61.42;0.95;8.74;7.05;51.00;1.70548668826595;20.9340409401061;11.4056103108415
Humpolec;0;15.99;22.39;62.09;21.92;42.1;44.9;42.73;9.94;7.49;54.39;45.6;75.09;0.49;10.53;37.10;31.98;14.63;63.29;0.37;0.83;0.03;0.02;0.05;0.1;0.72;0.2;1.94;34.39;80.18;4.06;11.67;12.51;4.97;9.97;1.48;9.80;11.51;4.68;0.15;9.40;63.91;1.02;9.92;5.33;50.32;1.65402053607148;15.8286358511838;10.304396843292
Hustopeče;0;16.49;17.82;63.69;19.82;41.1;44.1;42.4;9;7.2;56.36;43.63;73.15;0.45;14.36;38.56;28.73;13.55;49.65;27.98;1.06;0.08;0.07;0.03;0.05;0.52;0.14;1.96;20.42;78.57;3.79;11.19;11.46;5.60;9.96;1.78;12.67;10.98;3.84;0.23;7.07;61.57;0.91;10.87;5.22;50.60;1.70553646934461;26.5689558905639;11.2479061976549
Cheb;1;15.68;33.65;63.98;20.34;41.7;44.3;34.84;14.09;6.72;48.36;51.63;62.83;1.19;16.84;33.47;29.37;10.55;60.16;0.21;2.07;0.07;1.04;0.21;0.22;1.07;2.6;7.28;32.35;74.42;2.92;9.03;9.21;5.69;13.54;0.69;9.47;10.90;4.37;0.05;8.55;49.06;0.92;8.76;15.67;51.28;1.56584170546435;7.02735923029648;6.99133235848857
Chomutov;1;16.04;36.03;65.05;18.91;40.9;43.5;33.14;14.34;6.78;44.12;55.87;62.9;1.23;17.43;33.91;27.95;10.92;62.81;0.2;1.64;0.11;0.61;0.54;0.15;0.93;0.62;4.60;32.39;72.41;2.88;9.95;11.20;4.29;9.67;0.43;8.84;12.51;3.71;0.34;8.58;56.49;0.73;7.09;8.09;51.06;1.60563865823316;5.01317226755767;6.07080896999293
Chotěboř;0;15.49;19.17;61.44;23.07;43;45.3;43.74;9.04;7.65;54.21;45.78;75.69;0.37;11.97;39.98;30.29;13.28;66.17;0.33;0.55;0.06;0.03;0.01;0.08;0.15;0.21;1.09;32.41;77.66;3.51;10.40;11.85;4.20;9.21;1.81;13.16;12.39;3.33;0.44;7.36;60.49;1.03;11.16;4.99;50.25;1.7787207733813;14.8503508520693;9.32741419638169
Chrudim;0;16.14;22.7;62.23;21.63;41.7;44.7;40.93;10.62;7.43;55.58;44.41;73.05;0.80;12.71;36.66;30.26;14.31;64.69;0.37;0.69;0.04;0.05;0.25;0.06;0.43;0.21;1.74;33.21;78.47;3.65;12.19;12.04;5.46;10.28;0.98;11.37;9.65;3.79;0.76;8.32;60.41;0.82;10.93;6.32;50.78;1.65460742092804;11.8209310516536;8.0061211848865
Ivančice;0;16.33;21;63.46;20.21;41.3;43.8;41.07;10.74;6.99;52.83;47.16;70.75;0.51;12.04;37.73;28.61;14.96;49.03;23.22;0.95;0.05;0.07;0.02;0.06;0.5;0.1;1.74;26;77.57;3.42;11.77;11.98;5.17;10.24;0.83;12.16;9.23;3.52;0.31;8.93;61.00;0.75;10.03;5.79;50.45;1.6100019573302;11.2708643199471;9.11419600066105
Jablonec nad Nisou;1;16.6;31.19;62.43;20.97;41;44.3;35.67;14.15;6.29;62.62;37.37;69.88;0.88;13.41;31.15;31.52;16.12;63.33;0.26;1.43;0.33;0.63;0.36;0.13;0.97;0.29;4.14;32.27;78.44;3.85;12.96;13.09;5.03;10.05;0.34;9.79;10.17;3.04;0.27;9.86;58.86;0.81;11.65;7.12;51.33;1.52244033387861;6.42809688829835;7.2091645269603
Jablunkov;0;17.24;15.93;64.12;18.65;40.4;43.3;44.53;7.46;7.72;52.95;47.04;67.9;0.49;14.68;35.28;30.88;14.42;59.57;4.7;1.52;18.47;0.07;0.03;0.01;0.04;0.04;20.18;15.55;74.52;2.96;10.86;11.23;4.20;11.11;0.88;11.34;11.57;3.36;0.16;6.86;60.29;0.90;7.74;5.59;50.86;1.81328389137311;54.239933887333;9.65979523437859
Jaroměř;0;16.45;26.86;63.47;20.08;40.8;43.8;38.59;12.54;6.64;55.29;44.7;69.11;0.60;14.44;35.86;28.83;13.24;63.07;0.3;1.12;0.46;0.11;0.21;0.1;0.79;0.2;3.00;33.64;77.31;3.12;10.20;10.96;4.87;10.19;1.03;10.48;12.85;4.19;0.51;8.92;60.90;0.92;9.62;5.87;50.48;1.66387407971566;9.11183682209968;8.05182290272499
Jeseník;1;14.6;29.78;61.57;23.83;43.3;46.3;36.44;13.26;8.16;44.67;55.32;64.62;1.04;15.44;37.74;27.04;11.70;58.26;7.08;2.42;0.23;0.74;0.28;0.06;0.13;0.21;4.06;30.59;73.19;3.00;9.92;9.26;3.88;12.41;1.82;9.71;9.16;4.72;0.24;9.08;53.41;1.02;11.52;7.24;50.89;1.72956668396471;10.5973894167066;9.15113754898368
Jičín;0;15.61;24.91;62.85;21.53;42;44.9;39.36;11.54;7.13;54.26;45.73;73.05;0.71;13.42;35.58;30.72;14.07;62.61;0.27;1.1;0.14;0.11;0.3;0.09;0.79;0.27;2.80;34.32;79.05;3.32;11.34;11.52;5.25;10.01;1.17;10.05;13.68;3.75;0.14;8.81;61.60;0.84;9.79;6.82;49.28;1.63620294762;7.08990764898331;7.81670600902804
Jihlava;0;16.53;22.5;63.31;20.16;41.3;43.9;40.66;10.69;6.64;59.18;40.81;72.09;0.51;12.19;35.43;31.42;15.49;64.02;3.11;0.82;0.04;0.11;0.23;0.09;0.65;0.21;2.16;30.72;80.50;3.40;12.29;13.21;5.33;9.88;0.97;10.89;12.84;3.52;0.23;7.94;64.89;0.80;9.27;5.54;50.45;1.62376201923077;15.3317406005143;9.47541049988864
Jilemnice;1;15.73;23.33;60.9;23.37;42.8;45.6;41;10.5;7.51;69.62;30.37;76.65;0.46;13.68;36.37;30.82;14.09;63.91;0.2;0.74;0.17;0.11;0.03;0.02;0.24;0.14;1.46;34.44;79.47;3.67;11.14;11.23;4.37;11.44;1.71;12.02;11.59;3.18;0.10;9.02;58.37;1.56;13.77;5.77;49.97;1.75472753720488;12.0188457008245;8.08009422850412
Jindřichův Hradec;0;15.49;26.98;61.77;22.74;42.6;45.2;39.71;12.07;7.29;56.05;43.94;70.42;0.63;13.95;36.82;29.89;13.64;64.58;0.49;0.86;0.07;0.09;0.09;0.04;0.25;0.25;1.64;33.28;77.91;3.23;10.81;11.27;4.19;10.29;1.89;11.61;11.69;3.96;1.08;7.89;58.51;0.87;10.32;8.22;51.26;1.66635295314646;9.18086255151288;8.40734292703352
Kadaň;1;15.62;32.91;64.63;19.75;41.3;43.8;34.49;13.66;7.15;44.82;55.17;61.99;1.73;18.70;34.84;27.13;9.02;60.38;0.21;1.73;0.14;0.93;0.48;0.1;0.83;0.6;4.82;34.6;74.95;3.09;8.36;10.59;3.73;9.69;0.83;10.07;15.41;3.78;0.19;9.23;59.58;0.74;7.00;7.63;50.14;1.66296782291191;5.5835847917924;5.9794809897405
Kaplice;1;16.39;25.46;65.37;18.23;40.6;43.2;38.22;12.15;6.29;54.12;45.87;68.98;0.76;15.03;38.23;27.94;10.10;58.38;0.32;2.2;0.1;0.31;0.16;0.06;1.33;0.64;4.81;36.5;76.06;2.66;7.32;9.36;4.70;9.59;1.45;13.95;12.40;4.71;0.22;9.70;55.21;0.64;8.41;11.80;49.07;1.68103008669046;11.0314886494403;9.90689402657182
Karlovy Vary;1;14.79;31.97;62.3;22.91;43.1;45.9;35.6;14.88;7.23;53.12;46.87;64.68;0.94;14.41;32.25;30.39;14.34;61.18;0.21;1.69;0.08;1.04;0.27;1.24;1.47;0.85;6.64;31.97;76.30;3.96;11.55;11.59;4.61;12.55;0.91;8.27;9.88;3.87;0.15;8.95;54.95;1.02;10.58;9.75;51.61;1.54477632675743;7.51344086021505;7.82746823069404
Karviná;0;13.8;34.05;63.63;22.58;43.1;46.8;36.54;13.39;9.14;32.31;67.68;61.1;1.15;16.42;36.41;27.24;11.07;59.56;4.55;4.03;5.23;0.07;0.38;0.03;0.12;0.12;9.98;25.91;68.32;2.32;9.06;10.38;4.02;10.89;0.29;7.47;11.72;3.74;0.22;8.21;55.10;0.59;5.11;7.52;51.25;1.64999234537661;15.47578790748;10.2867577438117
Kladno;0;16.6;27.35;63.99;19.41;40.8;43.7;36.9;13.14;6.8;60.85;39.14;67.97;0.65;13.54;29.09;33.13;17.22;64.27;0.36;1.57;0.12;0.11;0.28;0.45;1.25;0.34;4.12;31.25;79.80;4.14;14.12;14.01;7.31;11.15;0.40;7.39;9.41;2.87;0.34;8.67;61.86;0.69;9.89;7.37;51.41;1.4620173539805;6.27672147792082;6.7843799823906
Klatovy;0;15.36;26.87;62.53;22.11;42.5;45;40.22;11.63;7.46;52.75;47.24;71.44;0.55;13.01;34.85;31.13;14.43;63.27;0.2;1.06;0.09;0.3;0.1;0.05;0.58;0.35;2.53;34;78.47;3.04;10.72;11.02;4.91;10.30;1.41;10.70;12.71;4.13;0.64;8.89;56.70;0.88;9.15;11.73;50.95;1.58791157322842;10.4916575768594;8.70803538964974
Kolín;0;16.91;24.51;62.68;20.40;40.8;43.9;38.49;11.99;7.1;56.77;43.22;71.1;0.68;12.98;32.81;32.87;14.85;62.63;0.38;1.17;0.11;0.05;0.21;0.16;1.86;0.25;3.82;33.18;80.14;4.00;12.29;12.83;6.35;10.10;0.70;9.64;11.97;3.46;0.21;8.60;63.29;0.84;10.26;5.75;50.55;1.55972986777141;7.2542873827599;7.07194699019176
Konice;0;14.56;19.09;61.08;24.35;43.6;46.8;43.09;8.81;8.84;48.5;51.49;71.38;0.47;14.45;42.90;27.02;10.61;52.58;18.75;0.88;0.04;0.07;0.03;0.09;0.13;0.03;1.26;27.4;75.95;3.16;8.35;9.98;3.45;9.31;2.10;13.82;13.74;4.37;0.53;7.13;60.81;0.79;8.47;5.88;49.97;1.84653579676674;26.9276276868468;10.7966870439755
Kopřivnice;0;16.3;24.71;63.52;20.18;41.1;44.4;39.02;12.25;6.91;52.93;47.06;68.96;0.58;12.31;35.21;30.92;16.06;61.34;8.8;1.45;0.18;0.08;0.19;0.05;0.2;0.15;2.28;27.56;76.52;3.05;11.79;12.68;4.39;8.94;0.36;10.81;13.82;3.12;0.30;7.24;62.91;0.72;7.59;5.30;50.94;1.67490301402566;14.323155216285;9.6972010178117
Kostelec nad Orlicí;0;15.69;22.79;62.27;22.05;42.2;44.8;39.31;11.94;7.58;57.34;42.65;71.09;0.62;12.82;35.75;32.31;13.41;61.95;0.39;0.84;0.16;0.04;0.14;0.11;0.79;0.24;2.33;35.34;80.78;3.06;10.67;11.87;5.73;10.18;0.97;10.84;14.42;3.86;0.40;8.78;64.99;0.87;9.47;5.45;50.51;1.63979523490575;8.14214108154367;7.73870165858429
Králíky;0;15.54;29.18;61.12;23.34;42.9;45.3;38.48;10.73;8.81;53.79;46.2;71.38;0.99;20.78;38.06;25.54;8.76;60.29;1.45;1.31;0.42;0.33;0.18;0.05;0.36;0.15;2.80;35.46;77.05;3.41;7.86;8.93;3.91;11.11;2.02;11.92;14.36;4.64;0.32;8.57;59.87;0.99;10.34;5.85;50.75;1.8612708453134;10.8947498151343;9.2925807246734
Kralovice;0;15.16;22.01;62.38;22.46;42.9;45.1;40.87;10.68;7.61;52.4;47.59;71.69;0.41;13.25;40.00;29.38;11.67;62.62;0.19;0.96;0.06;0.26;0.03;0.05;0.33;0.25;1.93;35.25;79.71;3.44;9.71;12.07;4.58;10.50;1.58;11.39;13.56;3.86;0.18;8.84;62.85;0.93;9.21;6.73;49.87;1.6635250785397;6.03657698125315;6.08699637897053
Kralupy nad Vltavou;0;17.57;22.4;64.14;18.29;40.1;42.6;38.22;11.41;6.52;62.7;37.29;72.07;0.54;12.44;31.44;32.84;16.98;62.23;0.36;1.88;0.13;0.08;0.22;0.3;1.51;0.25;4.36;33.04;81.72;4.19;14.17;14.36;8.09;10.03;0.46;7.97;10.23;3.30;0.19;8.73;64.02;0.78;10.89;6.04;50.47;1.50423024079832;6.55496059202214;6.6782985379941
Kraslice;0;15.8;32.66;61.94;22.27;42.8;45;34.31;14.09;7.49;42;57.99;58.28;1.45;18.64;38.67;24.44;6.82;60;0.31;2.31;0.14;2.14;0.74;0.03;0.52;0.74;6.61;33.07;69.39;2.04;6.98;7.95;2.86;9.14;0.95;12.50;14.90;3.95;0.05;8.08;44.11;0.60;8.03;16.66;49.93;1.71649785742111;7.04283023503399;6.6333633609041
Kravaře;0;17.12;14.8;64.58;18.30;40.5;43.3;46.91;6.41;7.32;47.98;52.01;72.25;0.50;13.95;41.03;26.75;13.87;62.95;13.29;0.66;0.27;3.56;0.09;0.02;0.06;0.01;4.68;19.09;76.06;3.13;10.78;11.65;4.65;9.51;0.63;15.59;9.99;3.68;0.19;6.27;58.92;0.95;10.16;6.03;50.97;1.72003454231434;53.7597276264591;9.42607003891051
Krnov;1;14.85;33.23;61.8;23.34;42.8;46;36;13.36;7.74;39.72;60.27;64.38;1.12;15.16;36.04;29.37;11.51;59.58;6.66;1.71;0.26;0.2;0.65;0.02;0.06;0.18;3.08;30.68;72.45;3.02;10.84;9.77;3.61;10.95;1.46;10.06;9.89;4.17;0.30;8.38;55.04;1.16;9.36;6.88;51.44;1.71861419604056;9.10797377326565;8.57656514382403
Kroměříž;0;15.42;27.12;62.25;22.32;42.2;45.7;38.83;12.44;7.76;49.16;50.83;68.44;0.62;12.57;35.52;30.24;16.03;55.24;18.88;1.25;0.05;0.05;0.15;0.04;0.17;0.11;1.82;24.06;76.95;3.39;12.56;12.13;4.14;10.35;0.89;10.42;10.99;4.03;0.60;7.44;61.39;0.95;8.59;6.01;51.58;1.6368459252091;17.0697141478712;11.0918465806296
Kuřim;0;17.85;21.06;64.37;17.78;40;42.5;41.42;10.06;5.39;66.38;33.61;75.99;0.36;11.50;26.18;31.97;26.00;56.03;20.21;1.47;0.11;0.08;0.06;0.09;0.99;0.03;2.82;20.93;79.89;5.39;18.38;14.71;6.09;9.02;0.47;7.99;7.57;2.90;0.20;7.15;60.76;0.83;10.84;7.47;49.88;1.52067209775967;16.1263403846956;11.0652146701715
Kutná Hora;0;15.38;25.52;62.25;22.37;42.5;45.4;39.7;11.92;7.69;57.2;42.79;71.06;0.67;12.42;34.56;32.29;14.59;62.39;0.29;1.06;0.13;0.07;0.19;0.09;0.94;0.36;2.85;34.48;79.87;3.66;12.15;12.17;5.64;10.49;1.21;9.87;11.65;3.57;0.49;8.97;61.73;0.84;11.19;6.11;50.42;1.62082524041878;9.26143024618992;7.52112220560294
Kyjov;0;15;20.91;63.19;21.80;42.3;45.7;42.25;9.71;7.92;53.16;46.83;70.91;0.89;14.41;38.42;28.68;13.13;49.78;30.13;1.02;0.04;0.05;0.08;0.05;0.23;0.12;1.58;18.5;76.06;3.25;10.58;10.42;3.93;10.22;1.24;12.57;11.96;4.07;0.34;7.48;58.85;1.03;10.64;5.54;50.70;1.72433706795865;29.5125361170659;11.9135054525119
Lanškroun;0;17.02;21.26;62.74;20.24;40.9;43.6;39.37;10.69;6.36;57.51;42.48;72.51;0.83;15.16;37.43;28.75;12.84;62;1.06;0.94;0.16;0.13;0.09;0.07;0.63;0.13;2.16;34.79;79.87;3.45;10.34;11.40;4.09;8.43;1.15;14.95;13.30;3.96;0.09;8.70;65.46;0.75;8.50;5.16;51.05;1.74137931034483;13.4214311398777;7.65012585400935
Liberec;1;16.65;28.56;63.36;20.00;40.6;43.4;36.39;13.09;6.18;61.26;38.73;69.58;0.66;12.37;30.05;31.17;18.59;63.36;0.3;1.5;0.3;0.37;0.21;0.23;1.41;0.27;4.29;32.05;80.10;3.93;14.58;13.74;5.39;9.89;0.39;8.74;10.00;3.23;0.45;9.75;61.68;0.66;10.72;7.05;51.14;1.49209623661133;6.65457454585581;7.23596187533621
Lipník nad Bečvou;0;16.08;23.4;63.72;20.21;41.6;44.6;41.02;10.48;7.35;46.33;53.66;70.29;0.72;12.66;35.07;31.54;15.15;55.43;15.11;1.16;0.05;0.08;0.3;0.07;0.11;0.2;1.97;27.49;76.97;3.22;10.74;11.51;4.24;9.70;1.05;11.75;11.32;3.84;2.14;7.47;59.83;0.96;8.32;7.87;50.79;1.71818035166962;17.0585808580858;11.537403740374
Litoměřice;1;16.19;29.58;63.16;20.65;41.4;44.1;36.73;13.4;6.78;53.53;46.46;68.65;0.96;15.07;32.52;30.67;14.11;63.47;0.29;0.98;0.1;0.18;0.19;0.06;0.57;0.45;2.53;33.71;77.37;3.42;11.87;11.65;5.62;11.08;1.01;8.77;10.46;4.00;0.43;9.06;58.79;1.01;9.93;7.65;50.66;1.62099759957687;5.87666263603386;5.66073587839005
Litomyšl;0;16.84;18.51;62.68;20.48;41.3;43.6;43.66;8.45;6.78;65.79;34.2;75.6;0.33;12.73;34.57;31.23;16.41;64.12;0.52;0.7;0.13;0.05;0.08;0.05;0.71;0.08;1.80;33.56;79.81;3.86;13.17;11.53;4.40;9.79;1.68;11.27;11.97;3.99;0.12;8.04;63.75;1.12;9.83;5.12;50.63;1.7075684962474;21.7793513019644;9.31171006547891
Litovel;0;16.28;21.78;62.22;21.50;42;44.6;40.64;9.99;7.79;50.96;49.03;70.27;1.05;13.28;37.02;30.18;13.78;54.08;17.94;0.78;0.07;0.07;0.07;0.06;0.23;0.1;1.38;26.6;78.81;3.18;10.79;11.51;4.80;9.85;1.34;12.60;12.71;4.11;0.59;7.33;64.06;1.00;8.39;5.36;50.71;1.71185920392919;16.7810599478714;9.2267593397046
Litvínov;1;15.72;36.66;62.29;21.99;42.2;44.9;32.82;14.2;7.56;41.42;58.57;62;1.57;17.51;35.54;27.01;10.04;63.5;0.15;1.31;0.15;0.58;0.5;0.06;0.13;0.52;3.25;33.1;72.16;3.03;9.18;11.04;4.77;10.58;0.36;9.38;11.08;4.01;0.18;8.55;56.28;0.82;7.97;7.09;51.11;1.62784202917598;3.59488224637681;5.43761322463768
Louny;0;16.22;30.05;63.08;20.70;41.5;44.1;37.19;12.56;7.13;45.04;54.95;67.6;0.92;15.18;34.43;30.06;12.25;63.78;0.16;1.22;0.09;0.2;0.41;0.13;0.43;0.34;2.83;33.24;75.11;3.44;9.98;12.13;5.48;9.80;1.14;9.05;11.12;3.50;0.43;9.06;58.35;1.16;9.15;6.45;50.88;1.62782849239281;4.91733685526285;5.45977689205443
Lovosice;0;16.11;26.21;62.24;21.64;41.9;44.6;37.87;12.09;7.73;44.63;55.36;68.8;0.89;15.13;37.03;29.52;11.35;61.25;0.19;0.74;0.1;0.2;0.18;0.07;0.87;0.41;2.56;35.99;77.59;3.37;9.75;11.53;6.20;10.62;0.83;9.11;13.35;3.70;0.24;8.90;61.49;0.94;8.75;6.41;50.69;1.6328811200974;5.55083022077586;5.46947228282978
Luhačovice;0;14.87;22.09;62.52;22.61;42.9;46.3;44.04;9.52;8.18;57.29;42.7;73.93;0.35;12.39;36.10;30.73;16.55;58.82;17.32;1.45;0.02;0.07;0.01;0.08;0.28;0.06;1.97;21.89;79.18;3.97;12.12;12.12;4.41;10.81;0.59;12.71;10.42;4.15;0.22;7.68;61.17;1.14;11.28;5.59;51.32;1.72523858653598;40.3673860370767;11.709021243027
Lysá nad Labem;0;19.72;23.62;67.19;13.09;37.1;39.2;36.04;11.85;4.61;65.3;34.69;71.43;0.69;13.52;29.96;32.10;18.02;60.17;0.69;2.26;0.23;0.1;0.29;0.24;1.55;0.2;4.87;34.27;78.25;3.64;14.06;13.04;7.22;10.79;1.78;6.94;9.04;3.37;0.48;7.89;60.97;0.54;9.05;7.70;49.58;1.48268822472644;9.10036401456058;8.07657306292252
Mariánské Lázně;1;14.9;31.5;61.41;23.70;42.9;46.5;36.19;14.16;7.97;52.22;47.77;63.03;1.09;15.16;33.40;29.98;12.51;60.22;0.29;2.34;0.14;0.58;0.06;0.7;1.29;0.51;5.62;33.87;76.24;3.56;9.64;9.38;5.94;14.95;1.38;7.41;9.48;4.71;0.22;9.56;54.38;1.18;9.92;10.77;52.23;1.53694166584134;8.71192111287198;8.44338792040852
Mělník;0;17.11;25.37;62.86;20.03;40.8;43.6;37.81;12.03;7.17;60.19;39.8;70.16;0.57;13.59;33.81;31.48;14.22;62.81;0.26;1.34;0.1;0.14;0.07;0.15;1.13;0.15;3.08;33.85;79.72;3.88;12.09;13.29;6.15;10.82;1.13;9.01;10.58;3.35;0.19;9.24;61.45;0.86;10.90;6.51;50.93;1.57816554572896;6.71107931682017;6.19690601806313
Mikulov;1;15.81;24.66;63.68;20.51;41.7;44.2;39.05;11.13;6.72;53.41;46.58;68.94;1.06;16.09;36.77;26.51;12.95;51.82;19.43;2.11;0.07;0.16;0.12;0.05;0.56;0.08;3.16;25.6;76.08;3.53;9.25;9.35;4.41;11.40;2.94;10.78;10.50;4.71;0.21;9.00;54.07;0.83;11.45;9.73;50.88;1.67990899544977;11.7341329335332;9.73013493253373
Milevsko;0;14.09;23.69;60.49;25.42;44.6;47.4;43.04;9.99;8.57;59.71;40.28;69.19;0.74;12.18;38.57;30.89;12.98;63.43;0.17;0.56;0.05;0.04;0.11;0.05;0.31;0.12;1.24;35.16;78.78;3.44;10.56;11.81;4.28;10.68;2.48;13.34;10.03;3.80;0.46;7.92;59.26;0.94;12.33;6.25;50.44;1.71230445642172;17.5116782499715;10.4477611940299
Mladá Boleslav;0;16.67;22.45;64.68;18.64;40.5;42.9;38.94;11.81;6.16;60.27;39.72;71.98;0.58;11.92;32.46;31.82;15.78;59.97;0.36;2.42;0.49;0.16;0.19;0.18;1.59;0.36;5.39;34.28;82.53;3.06;13.31;13.59;7.66;8.25;0.46;9.28;12.79;3.03;0.15;10.95;69.27;0.52;7.85;4.88;49.55;1.52269799331834;6.74197823597825;6.76632076237186
Mnichovo Hradiště;0;17.48;19.43;63.09;19.43;40.8;43.4;40.16;11.43;7.02;60.83;39.16;74.3;0.76;11.49;35.23;32.15;14.96;62.67;0.27;1.4;0.21;0.16;0.09;0.05;0.56;0.11;2.57;34.48;81.33;3.40;12.97;14.08;6.89;9.09;0.96;10.70;11.30;2.85;0.11;8.99;66.75;0.70;9.59;4.30;50.28;1.57994906848948;4.95440391459075;6.25556049822064
Mohelnice;0;15.32;23.84;64.3;20.37;41.3;44.8;38.34;12.02;7.36;47.11;52.88;71.26;0.74;14.42;37.74;29.77;12.39;55.67;14.93;0.76;0.07;0.1;0.07;0.05;0.28;0.21;1.55;27.86;77.32;2.60;9.09;10.77;3.81;8.16;0.95;12.01;17.13;4.60;0.26;7.94;63.45;0.72;6.56;6.59;49.28;1.68784349646689;11.2324578168514;8.72058100802708
Moravská Třebová;1;15.27;27.14;62.38;22.36;42.4;45.5;37.9;12.08;8.06;45.72;54.27;69.58;0.76;15.03;41.89;26.50;10.55;56.9;9.95;0.82;0.04;0.14;0.27;0.05;0.06;0.22;1.62;31.55;76.91;2.89;8.82;9.93;3.58;9.85;1.34;12.01;15.16;4.53;0.50;8.29;62.41;0.76;7.84;5.90;50.48;1.77138341390852;12.2126779607095;9.81468225562714
Moravské Budějovice;0;15.11;21.26;62.93;21.96;42.4;45.4;42.3;8.96;7.84;52.75;47.24;72.56;0.58;14.59;40.96;27.32;12.17;56.33;12.31;0.57;0.02;0.04;0.08;0.05;0.14;0.2;1.10;30.26;75.85;2.87;9.31;9.90;3.66;9.29;2.39;13.52;13.04;3.96;0.44;7.48;57.90;1.06;10.54;6.34;50.40;1.78632837072762;25.974608586425;10.6365797855637
Moravský Krumlov;0;15.61;18.91;63.44;20.95;42.1;44.2;42.34;9.19;7.37;46.79;53.2;71.46;0.69;14.18;41.91;26.81;12.06;47.26;24.39;0.84;0.03;0.06;0.01;0.04;0.18;0.09;1.26;27.1;77.25;2.95;10.03;10.68;5.18;9.67;1.61;14.01;12.01;3.61;0.35;7.14;60.85;0.81;9.45;6.13;50.40;1.72184138367433;19.8151720425284;9.66309272800682
Most;1;15.95;42.64;64.91;19.15;40.7;44;30.9;15.28;7.1;40.42;59.57;59.72;1.49;18.51;32.89;26.56;10.97;62.29;0.17;1.46;0.09;0.44;0.75;0.14;0.64;0.6;4.12;33.42;72.14;2.75;9.47;10.96;5.10;10.11;0.35;7.87;12.34;4.06;0.25;8.88;57.42;0.66;6.66;7.40;51.44;1.59844019075374;4.13391182324556;5.86794965419477
Náchod;0;15.63;26.99;60.94;23.43;42.7;45.8;39.99;12.55;7.33;63.61;36.38;72.32;0.55;12.77;35.02;32.92;13.24;64.46;0.28;0.9;0.36;0.25;0.26;0.05;0.5;0.25;2.58;32.69;79.94;3.59;11.90;12.30;5.39;9.84;0.96;10.90;12.23;3.78;0.13;8.93;61.55;1.03;11.21;6.16;51.50;1.62371011742379;14.274424917109;8.83540345994606
Náměšť nad Oslavou;0;14.84;17.78;63.85;21.30;41.8;45.4;42.36;9.01;7.37;49.64;50.35;72.86;0.62;13.39;38.70;28.91;14.91;53.74;19.51;1.2;0.01;0.03;0.17;0.04;0.15;0.25;1.85;24.9;74.95;2.63;10.73;11.46;4.14;10.25;1.96;11.21;9.55;4.05;1.96;6.98;55.58;0.83;9.75;8.79;47.45;1.71684909384533;20.4481183380466;11.5582626350518
Nepomuk;0;15.23;22.22;60.23;24.54;43.8;45.8;41.51;11.2;8.19;51.6;48.39;69.89;0.64;14.69;41.48;27.28;10.61;61.33;0.1;0.79;0.04;0.14;0.05;0.09;0.72;0.25;2.07;36.49;78.17;3.13;8.22;11.15;4.47;8.96;2.45;13.05;14.35;3.45;0.35;8.61;60.87;0.59;9.74;6.97;49.30;1.71234676007005;8.45302351111518;7.97731223126887
Neratovice;0;17.23;27.03;64.07;18.70;40.4;42.9;37.24;12.95;6.3;60.1;39.89;68.44;0.66;13.25;34.23;32.17;13.46;63.06;0.4;1.72;0.17;0.1;0.27;0.16;0.99;0.25;3.66;32.88;80.67;3.62;12.49;13.75;7.35;11.03;0.84;8.32;10.64;2.97;0.26;9.41;61.87;0.69;12.18;5.93;51.06;1.52683677958645;6.51399175679445;6.86417304533763
Nová Paka;0;15.63;26.23;61.13;23.24;42.9;46;41.02;11.39;7.95;59.77;40.22;73.59;0.37;11.81;38.54;31.53;12.79;63.1;0.2;0.75;0.25;0.14;0.14;0.05;0.41;0.11;1.84;34.85;78.94;3.34;11.41;11.83;4.45;9.69;0.86;11.73;13.69;3.69;0.18;8.07;61.40;0.90;11.52;5.12;51.01;1.70116322008863;9.7027972027972;7.35060394151303
Nové Město na Moravě;0;16.38;17.77;61.69;21.94;42.3;44.4;44.57;7.91;7.34;64.42;35.57;76.09;0.47;12.25;35.84;30.43;17.62;62.19;9.9;0.54;0.03;0.06;0.08;0.05;0.21;0.11;1.08;26.83;77.72;3.61;13.00;11.86;3.60;10.32;2.17;12.20;9.94;4.00;0.18;6.83;60.65;1.12;10.70;5.26;50.33;1.79646471115665;34.1401617250674;8.81940700808625
Nové Město nad Metují;0;15.53;23.41;60.22;24.25;43;46.3;43.25;10.98;6.91;65.82;34.17;76.62;0.26;12.08;33.34;34.52;15.57;67.78;0.17;1.02;0.25;0.16;0.05;0.05;0.38;0.07;1.98;30.07;82.31;4.23;13.60;13.40;5.51;9.52;1.02;12.64;10.36;3.45;0.20;8.38;62.23;0.96;12.82;6.30;51.01;1.67777203856749;16.0620224052229;8.83596705987091
Nový Bor;1;15.6;29.27;61.76;22.63;42.4;45.3;36.39;13.98;7.53;52.87;47.12;68.71;0.86;14.16;37.95;29.27;10.99;63.09;0.21;0.8;0.34;0.61;0.19;0.07;0.22;0.28;2.51;34.19;75.86;3.53;10.50;10.91;4.64;9.75;0.65;11.12;11.62;3.90;0.22;9.02;56.56;1.03;11.47;6.80;50.91;1.61875168873277;4.93421052631579;6.25
Nový Bydžov;0;15.53;26.59;62.68;21.80;42.1;45;40.64;10.32;7.33;47.03;52.96;71.22;1.03;14.10;39.34;27.70;11.15;59.49;0.21;0.87;0.08;0.08;0.36;0.05;0.57;0.13;2.13;38.16;77.84;3.12;9.91;9.65;4.29;10.24;1.33;12.74;13.41;3.74;0.20;9.22;58.99;1.12;12.92;4.80;50.85;1.66031724511931;6.42324714651759;6.638714185884
Nový Jičín;0;16.74;24.56;62.8;20.45;41.1;44;38.59;10.8;7.17;52.56;47.43;68.5;0.69;12.89;34.61;30.58;15.98;59.18;10.23;1.2;0.11;0.12;0.09;0.06;0.19;0.12;1.90;28.7;77.08;3.21;12.08;12.50;4.58;9.76;0.69;11.47;11.51;3.29;0.44;7.54;61.77;0.90;8.92;5.48;51.29;1.68311436249627;17.7603059923502;9.67275818104547
Nymburk;0;16.57;22.25;62.5;20.93;41.6;44.1;39.25;12.11;6.88;59.14;40.85;72.18;0.49;12.82;34.64;32.37;14.26;64.12;0.32;1.04;0.09;0.07;0.16;0.24;0.9;0.23;2.75;32.83;80.39;3.55;12.89;13.32;6.65;10.26;0.78;9.36;11.14;3.53;0.12;8.79;62.38;0.72;11.08;6.22;50.90;1.57383548067393;7.27443795186689;6.51431118153907
Nýřany;0;17.3;20.31;64.13;18.57;40.7;42.7;41.07;10.52;6.29;58.04;41.95;71.08;0.56;14.44;35.60;29.51;14.52;63.55;0.14;1.09;0.09;0.34;0.08;0.05;0.53;0.25;2.44;33.88;80.63;3.97;12.23;13.67;5.77;9.20;0.61;12.13;11.30;3.27;0.13;8.35;63.40;0.77;9.83;6.63;50.23;1.55889298587231;4.91566265060241;5.79690189328744
Odry;0;16.24;23.45;63.02;20.74;41.5;43.9;38.93;10.25;7.83;47.27;52.72;67.63;0.88;16.79;38.90;25.70;11.54;55.6;9.97;1.2;0.06;0.39;0.37;0.04;0.52;0.22;2.79;31.63;75.25;2.88;8.94;10.10;3.38;9.02;1.12;11.85;14.89;4.04;0.24;8.79;61.30;1.06;7.81;5.09;50.28;1.7680472509844;16.1353725201155;9.70456360174437
Olomouc;0;16.54;26.04;63.96;19.51;40.5;43.4;37.41;11.9;6.31;59.98;40.01;70.79;0.46;10.95;26.94;32.30;24.70;60.57;12.56;1.41;0.14;0.13;0.13;0.14;0.38;0.19;2.50;24.35;80.17;4.07;17.89;13.52;6.06;10.44;0.48;7.76;7.87;3.34;1.22;7.52;62.09;0.89;9.54;7.66;51.89;1.46295942850911;13.5850794381764;10.3508740856197
Opava;0;15.85;25.73;63.14;21.01;41.6;44.9;40.24;10.78;7.48;52;47.99;71.52;0.68;12.67;33.58;30.56;17.90;64.74;8.13;0.95;0.13;0.45;0.11;0.05;0.12;0.13;1.92;25.19;77.72;3.58;14.25;12.43;4.65;10.36;0.78;10.66;9.88;3.62;0.38;7.14;61.20;0.98;9.05;6.49;51.86;1.63121161362367;20.8628565627855;11.8688458024566
Orlová;0;15.47;31.2;65.21;19.32;41.6;44.4;37.58;12.77;7.75;32.96;67.03;61.54;1.07;15.32;36.86;27.44;11.37;59.8;5.12;3.12;1.86;0.07;0.31;0.04;0.1;0.11;5.61;29.47;68.99;2.50;9.17;10.55;4.48;10.69;0.42;8.56;11.63;3.12;0.18;7.70;56.95;0.62;5.49;5.93;51.33;1.62351105165934;10.0627366442805;8.36304341817981
Ostrava;0;14.95;35.53;64.44;20.61;41.3;44.9;34.31;13.97;7.3;48.44;51.55;64.54;0.79;13.76;29.64;29.04;19.78;61.52;5.82;2.16;0.3;0.18;0.47;0.11;0.21;0.41;3.85;28.82;74.07;3.43;14.47;12.60;5.60;10.38;0.26;7.65;8.47;3.32;0.18;7.72;58.15;0.67;8.26;6.99;51.63;1.49633614591571;11.630455908264;9.58621282940957
Ostrov;1;14.6;31.97;64.78;20.63;42.2;45.3;33.61;15.16;6.93;52.67;47.32;65.94;1.55;18.01;35.34;27.52;10.28;61.39;0.2;2.11;0.13;1.41;0.42;0.2;0.39;1.6;6.26;32.15;73.36;3.02;9.45;9.77;3.96;13.95;0.73;9.06;10.27;4.46;0.11;8.56;50.26;0.94;10.13;12.03;48.69;1.60604297224709;5.84031267448353;6.84533780011167
Otrokovice;0;14.31;25.21;63.29;22.40;42.5;46.2;39.27;13.07;7.69;52;47.99;69.06;0.49;14.51;36.11;29.84;14.12;55.32;16.89;1.16;0.09;0.03;0.06;0.07;0.42;0.17;2.00;25.79;80.44;3.24;9.91;12.90;4.48;10.03;0.51;10.98;15.04;5.11;0.18;8.07;66.56;0.57;7.88;5.43;51.03;1.59660746496462;16.1215945634367;11.2705539712396
Pacov;0;13.59;23.82;61.32;25.09;44;48;43.37;9.35;9.69;57.41;42.58;72.87;0.45;13.38;39.27;29.79;12.29;62.47;0.29;0.59;0.03;0;0.01;0.08;0.59;0.36;1.67;35.58;80.14;3.23;9.39;10.95;3.68;10.00;3.55;13.25;11.78;5.24;0.18;8.89;63.12;0.88;11.26;4.88;50.32;1.76367088607595;18.2538808763624;10.4701089948255
Pardubice;0;16.1;25.69;63.83;20.07;40.9;44;37.97;12.3;6.57;62.48;37.51;72.06;0.47;10.58;28.63;33.48;21.29;65.55;0.56;1.51;0.11;0.09;0.2;0.15;1.07;0.28;3.41;30.48;82.40;4.42;16.42;15.06;6.84;9.66;0.42;7.31;9.58;3.22;0.86;8.61;63.39;0.73;10.38;7.90;50.71;1.46549046518347;8.20958014827335;7.8354396343103
Pelhřimov;0;15.02;20.69;62.44;22.55;42.7;45.6;42.81;9.62;7.84;58.94;41.05;73.4;0.73;12.14;36.18;31.78;14.21;64.36;0.42;0.66;0.08;0.03;0.05;0.02;0.86;0.21;1.91;33.31;80.73;3.57;11.06;12.08;4.65;9.95;2.04;11.75;12.60;4.04;0.14;8.85;63.16;0.89;11.37;5.32;50.67;1.65739566825145;18.5478367681179;9.88808516446022
Písek;0;15.74;27.8;61.61;22.65;42.3;45.3;38.47;12.7;7.62;57.21;42.78;70.89;0.54;12.44;32.22;32.64;16.34;64.44;0.33;1.02;0.13;0.14;0.35;0.14;0.71;0.43;2.91;32.31;79.76;3.86;12.61;11.86;4.85;11.11;1.50;9.19;11.58;3.41;0.50;9.28;60.28;1.04;10.89;7.54;51.16;1.59654440069024;10.9265334147086;10.3104974061642
Plzeň;0;15.05;27.99;64.37;20.58;41.2;44.2;36.29;12.92;6.52;63.67;36.32;69.33;0.50;10.81;25.79;33.40;23.08;63.65;0.21;1.49;0.15;0.21;0.17;0.26;2.3;0.71;5.28;30.85;82.37;3.82;17.27;14.38;6.34;9.94;0.32;8.18;9.43;2.92;0.15;9.63;64.27;0.69;9.65;7.77;51.03;1.36314687228549;8.36282227197227;8.57999154019953
Podbořany;1;16.15;28.16;63.02;20.83;41.8;44;35.6;12.33;7.77;34.5;65.49;68.65;1.18;19.55;38.85;25.01;8.03;61.32;0.33;1.64;0.18;0.48;0.31;0.08;0.34;0.47;3.50;34.85;73.24;2.47;8.43;9.39;4.13;10.27;1.39;8.66;14.49;4.18;0.42;9.40;58.20;0.66;7.42;6.96;50.44;1.74491962390052;6.18305432621384;6.03553332050542
Poděbrady;0;16.48;25.4;61.22;22.30;42.1;44.8;39.3;12.02;7.44;60.85;39.14;74.19;0.44;11.66;32.85;32.46;17.34;64.78;0.3;0.94;0.09;0.1;0.1;0.41;0.57;0.3;2.51;32.41;79.82;4.63;14.36;12.60;5.40;10.92;0.90;9.12;9.48;3.26;0.22;8.95;58.89;1.24;13.29;6.39;51.43;1.56588747142541;9.18247759019353;7.46571220423807
Pohořelice;0;17.87;17.25;63.8;18.33;39.9;42.4;40.13;9.5;6.89;50.42;49.57;71.08;0.44;14.52;38.32;26.35;13.95;49.67;23.11;1.56;0.06;0.15;0.03;0.07;0.2;0.1;2.17;25.05;78.27;3.68;11.03;11.27;7.75;9.36;1.60;10.86;10.27;3.60;0.20;8.65;62.05;0.83;9.87;5.52;50.41;1.64240039350713;15.1866938221317;10.5838424983028
Polička;0;16.35;20.13;62.59;21.06;41.4;44.4;42.18;8.65;7.53;62.14;37.85;73.16;0.78;13.10;38.74;30.06;13.70;63.25;1.34;0.39;0.03;0.08;0.12;0.02;0.32;0.16;1.12;34.29;77.78;3.33;10.85;10.94;4.07;9.70;1.16;12.81;13.41;3.80;0.15;7.54;61.64;0.78;10.11;5.26;50.88;1.73528325123153;22.206498951782;8.68972746331237
Prachatice;0;16.09;25.42;63.25;20.66;41.7;44.2;39.89;10.88;7.26;54.45;45.54;68.34;0.71;14.09;36.57;28.84;13.19;63.23;0.18;1.12;0.08;0.39;0.07;0.08;0.44;0.39;2.58;34.02;77.96;3.09;9.57;10.13;4.07;9.49;2.15;12.90;12.77;4.38;0.22;9.19;54.63;1.05;10.93;11.36;50.20;1.71178495568739;14.0776848795236;10.1255669021689
Prostějov;0;16.16;26.2;62.62;21.22;41.6;44.7;39.33;11.56;7.4;50.49;49.5;69.51;0.70;12.22;35.44;30.94;15.41;56.64;15.1;0.99;0.06;0.05;0.2;0.04;0.35;0.14;1.84;26.43;77.37;3.42;11.67;11.75;4.84;10.04;1.05;10.67;11.13;3.60;1.44;7.77;60.45;0.84;8.97;7.11;51.47;1.60667405284328;15.4766359025526;10.8142096948532
Přelouč;0;16.05;21.96;62.43;21.53;42;44.6;39.86;12;7.31;51.82;48.17;72.21;0.44;12.97;38.46;29.95;12.04;61.69;0.38;1.23;0.1;0.06;0.05;0.06;0.31;0.31;2.12;35.81;81.35;3.34;10.03;12.73;4.81;8.87;1.13;11.40;14.19;4.15;0.52;10.19;64.76;0.70;9.96;5.92;50.33;1.609840249551;7.05412422608348;6.46295186738566
Přerov;0;14.87;27.23;62.05;23.07;42.9;46.4;39.58;11.97;8.21;44.92;55.07;68.17;0.78;12.85;34.10;31.45;15.20;57.52;14.58;1.21;0.07;0.05;0.5;0.05;0.19;0.2;2.27;25.63;76.09;3.13;11.59;12.88;4.93;10.40;0.65;10.28;10.03;3.62;1.02;7.56;60.64;0.78;7.76;6.91;51.68;1.6281746973653;15.234303615716;10.8419266414306
Přeštice;0;16.54;20.94;63.33;20.13;41.5;43.8;41.75;10.43;6.96;53.86;46.13;71.19;0.45;12.31;35.87;31.40;14.97;63.28;0.13;0.85;0.09;0.2;0.02;0.06;0.82;0.18;2.22;34.37;82.09;3.50;12.73;13.62;5.08;9.78;0.82;11.40;12.62;3.30;0.23;8.99;63.86;0.88;10.69;6.66;50.26;1.57981749865808;5.89930649374043;6.34513194632081
Příbram;0;15.46;28.2;63.03;21.50;42;45.1;38.17;12.75;7.38;57.13;42.86;70.57;0.58;13.49;33.27;31.71;15.48;63.73;0.28;1.09;0.05;0.1;0.11;0.14;0.58;0.25;2.32;33.67;78.93;3.64;12.72;13.04;4.95;11.32;0.88;9.58;9.82;3.72;0.88;8.37;58.36;0.90;11.03;8.63;50.59;1.59696367859427;9.26981659036596;8.20016699778296
Rakovník;0;16.11;23.5;62.16;21.73;41.9;44.9;38.92;12.08;7.44;53.64;46.35;70.77;0.87;13.95;34.78;31.59;13.57;64.52;0.23;0.94;0.12;0.11;0.2;0.11;0.61;0.28;2.37;32.88;78.16;3.69;11.41;12.08;5.82;10.76;1.13;8.21;11.67;4.15;0.52;8.72;58.89;0.89;10.40;7.98;50.42;1.61250589092155;4.56102201685241;5.57397843616925
Rokycany;0;15.87;23.23;62.54;21.59;42.2;44.8;39.69;11.87;7.37;52.33;47.66;71.71;0.78;13.30;35.14;31.34;13.76;63.03;0.22;1.32;0.09;0.15;0.24;0.12;1.08;0.27;3.28;33.48;80.42;3.43;10.92;12.71;5.80;10.03;1.01;9.80;13.47;3.42;0.45;9.38;62.89;0.88;9.77;6.87;50.50;1.56872437906921;5.93947837488988;6.04191849863755
Rosice;0;18.26;19.59;62.47;19.27;40.3;43;41.68;9.72;6.76;56.25;43.74;72.29;0.39;11.73;33.15;31.33;19.25;53.67;21.34;1.26;0.09;0.05;0.05;0.19;0.58;0.15;2.38;22.62;79.30;4.21;15.09;13.63;5.39;10.23;0.66;10.74;8.46;3.22;0.40;7.27;61.98;0.67;10.56;6.09;51.26;1.5864252987153;13.7248258987389;9.97929606625259
Roudnice nad Labem;0;16.79;24.06;62.19;21.01;41.2;44.1;39.09;11.41;7.38;59.8;40.19;73.15;0.48;14.42;34.39;31.11;14.27;63.81;0.23;0.85;0.06;0.11;0.27;0.09;0.68;0.2;2.26;33.7;78.54;4.10;12.90;12.09;5.89;11.09;1.01;9.50;9.69;3.50;0.24;8.53;60.79;0.90;10.70;6.15;50.82;1.60146405419186;6.09196464319813;6.15664171979427
Rožnov pod Radhoštěm;0;15.69;22.94;61.82;22.49;42.4;45.7;40.92;10.37;7.55;60.14;39.85;69.68;0.52;13.45;32.85;31.09;17.62;60.51;8.72;1.47;0.1;0.06;0.06;0.06;0.17;0.08;2.00;28.77;78.71;4.06;12.84;12.62;4.03;9.28;1.07;10.21;13.04;3.33;0.08;8.15;60.84;1.06;11.07;5.75;51.53;1.64405348821503;26.8880934217476;11.8390939498856
Rumburk;1;16.61;33.18;61.7;21.69;41.4;44.2;34.11;12.33;7.46;41.12;58.87;60.72;1.98;18.96;35.48;25.19;8.03;58.54;0.2;1.12;0.32;1.43;0.69;0.1;0.2;0.86;4.73;36.54;69.73;2.59;8.51;7.95;3.12;12.03;0.64;9.36;11.25;4.47;0.09;9.71;50.95;0.99;7.29;10.49;50.96;1.69777694046722;5.20669890166192;5.95920458548144
Rychnov nad Kněžnou;0;16.07;23;63.2;20.74;41.4;44.3;39.71;11.54;6.89;56.96;43.03;73.35;0.84;12.53;34.91;32.20;14.07;63.15;0.44;0.89;0.38;0.11;0.11;0.07;1.03;0.15;2.72;33.67;81.79;3.32;10.64;12.26;6.16;9.56;1.27;10.84;14.16;3.90;0.20;9.48;66.54;0.82;9.23;5.20;49.91;1.65360085990684;10.5133593515461;8.79615731011708
Rýmařov;1;13.87;33.57;61.14;24.98;43.8;47.3;36.83;12.89;8.67;42.72;57.27;66.05;1.03;16.21;39.77;26.19;9.91;57.28;8.76;2.72;0.12;0.38;0.13;0.01;0.06;0.15;3.57;30.39;75.88;3.24;8.30;9.74;3.16;9.63;1.75;12.93;13.66;4.42;0.32;8.73;57.11;1.14;11.07;6.56;50.30;1.7669539762563;9.75833157190164;9.85697174663567
Říčany;0;20.62;20.66;62.93;16.45;39.1;40.6;40.11;10.53;5.02;73.63;26.36;77.9;0.39;10.29;25.07;33.82;25.72;65.9;0.47;1.84;0.1;0.19;0.03;0.48;1.21;0.18;4.02;29.6;83.92;7.07;19.07;15.68;7.39;9.32;0.66;6.83;6.33;2.34;0.11;9.12;59.91;0.98;16.42;6.61;50.86;1.49658533457309;8.58422428745243;8.59199047347848
Sedlčany;0;15.27;25.82;61.38;23.34;42.6;46;40.53;10.03;8.59;63.83;36.16;72.9;0.90;13.89;37.70;30.11;12.90;63.98;0.13;0.45;0.03;0.03;0.04;0.07;0.34;0.12;1.09;34.81;78.52;3.55;11.69;10.30;3.95;12.04;2.37;13.82;8.57;3.84;0.12;8.26;55.79;1.20;15.68;5.86;50.38;1.74204129920413;17.6889174547792;10.0174455972822
Semily;0;16.15;23.35;61.02;22.82;42.3;45.7;38.66;11.78;7.81;61.51;38.48;71.21;0.66;13.51;36.80;30.00;13.21;62.13;0.18;0.95;0.47;0.1;0.23;0.06;0.46;0.16;2.43;35.26;78.62;3.36;10.80;11.05;4.44;10.69;1.23;11.08;12.37;3.91;0.15;9.54;59.51;0.95;11.79;6.36;50.74;1.71068136462986;9.4962807244502;7.95197283311772
Slaný;0;16.99;25.28;63.4;19.61;40.9;43.3;37.76;11.95;6.71;55.75;44.24;68.86;1.08;14.39;33.92;30.02;13.90;62.93;0.34;1.33;0.09;0.11;0.41;0.24;1.25;0.17;3.60;33.13;79.31;3.75;11.75;12.54;5.96;10.81;0.91;9.71;11.09;3.22;0.36;9.20;62.14;0.89;9.93;6.36;50.59;1.53683009595132;5.75156011989583;5.98742076556435
Slavkov u Brna;0;19.21;16.31;63.2;17.60;39.5;41.6;41.57;8.82;6.21;62.28;37.71;73.63;0.33;12.13;34.69;30.20;18.53;51.43;23.78;1.41;0.08;0.05;0.01;0.07;0.26;0.1;1.97;22.81;80.32;4.16;14.33;13.82;5.98;9.25;0.55;11.62;9.51;3.30;0.43;7.38;63.16;0.84;11.17;5.15;50.81;1.59856035437431;20.1330633497252;10.0210752510434
Soběslav;0;15.57;23.93;61.31;23.13;43;45.6;41.04;10.94;7.86;57.23;42.76;71.72;0.53;13.90;37.69;29.97;12.96;63.74;0.23;0.58;0.05;0.05;0.06;0.05;0.32;0.23;1.33;34.69;78.02;3.37;9.64;11.36;4.37;10.04;1.64;12.79;11.55;3.64;0.54;9.08;59.08;0.91;11.48;6.55;50.68;1.6641370338248;11.3621601558875;8.8011505984968
Sokolov;1;15.55;33.45;64.79;19.66;41.4;44.2;33.84;14.36;7.06;44.05;55.94;61.3;1.25;18.77;36.35;26.09;8.66;60.61;0.22;2.17;0.07;1.86;0.65;0.18;0.39;0.59;5.90;33.26;71.41;2.62;8.08;10.04;4.11;10.26;0.46;10.69;12.53;4.39;0.07;8.18;52.39;0.66;6.26;12.11;50.04;1.65262255629183;5.69271065537227;6.45201738742755
Stod;0;16.08;24.23;63.98;19.93;41.4;43.7;37.54;12.46;6.85;51.22;48.77;68.49;1.19;16.40;37.38;28.01;11.10;61.61;0.19;1.26;0.11;0.59;0.1;0.12;0.79;0.37;3.35;34.86;76.99;2.69;9.83;11.85;5.11;9.14;0.60;12.19;13.07;3.57;0.20;8.75;61.88;0.61;7.50;6.99;49.60;1.56422064270698;5.51712642720227;6.86723893657805
Strakonice;0;16.31;26.36;61.8;21.89;42.2;45;39.73;11.53;7.74;53.52;46.47;70.26;0.78;12.79;34.80;31.75;14.84;64.36;0.22;0.72;0.07;0.12;0.22;0.05;0.43;0.23;1.83;33.58;77.88;3.30;11.30;12.09;4.30;9.82;1.31;11.47;11.27;3.67;1.19;8.16;58.38;0.93;10.13;8.44;51.31;1.628203775973;11.5227828607664;9.78802427756137
Stříbro;1;15.87;22.95;65.07;19.06;41.4;43.7;38.16;11.65;6.98;44.72;55.27;67.38;0.98;18.08;37.06;26.82;9.22;58.46;0.24;2.08;0.13;0.31;0.21;0.08;0.71;0.66;4.17;37.12;79.10;2.86;7.49;10.59;6.06;7.96;1.02;12.14;16.82;4.26;0.08;9.80;63.05;0.87;7.02;8.16;49.87;1.67993951612903;5.95094248429193;6.61551474142098
Sušice;1;14.85;26.68;60.95;24.20;43.6;46.6;40.18;11.77;8.42;55.53;44.46;71.9;0.50;14.30;37.03;29.88;13.09;64.38;0.32;0.9;0.03;0.3;0.05;0.06;0.29;0.25;1.89;33.42;76.19;3.50;9.26;9.40;3.99;12.12;2.55;11.32;10.17;4.80;0.23;8.85;52.13;1.30;11.64;11.12;50.88;1.67414721723519;14.2776889503479;10.1162438961151
Světlá nad Sázavou;0;14.93;27.36;62.71;22.36;43.2;45.1;41.07;11.12;7.66;50.54;49.45;73.45;0.57;13.73;38.68;30.77;12.49;63.06;0.4;0.55;0.08;0.05;0.16;0.08;0.24;0.18;1.32;35.2;75.74;3.17;10.47;10.14;4.17;10.48;1.66;11.51;11.95;4.38;0.31;7.48;57.29;0.87;9.94;7.63;52.49;1.74378305389895;15.2798713697116;9.54175459752789
Svitavy;0;15.85;27.66;62.56;21.59;41.9;44.6;38.6;12.33;7.36;49.49;50.5;69.24;0.79;14.29;38.67;29.12;11.86;61.58;3.61;0.72;0.12;0.13;0.18;0.03;0.24;0.2;1.61;33.19;78.23;2.93;10.56;10.83;5.18;10.97;1.15;10.10;13.38;4.33;0.38;8.41;62.79;0.81;8.88;5.75;51.27;1.66031879837535;11.1056007405938;8.23910599748727
Šlapanice;0;19.27;17.67;62.57;18.16;39.6;42;42.84;8.64;5.95;67.62;32.37;76.89;0.34;10.98;28.05;31.88;25.08;54.09;25.45;1.58;0.08;0.08;0.02;0.12;0.62;0.2;2.71;17.76;81.42;5.47;18.48;15.80;6.02;9.01;0.57;8.67;7.35;2.58;0.22;7.25;63.07;0.83;11.55;5.97;50.86;1.54779386770005;20.850606479349;11.149728514998
Šternberk;0;16.12;26.84;62.52;21.36;41.7;44.6;37.25;12.06;7.49;49.19;50.8;67.5;1.05;15.17;34.80;29.02;13.76;56.97;11.32;1.2;0.09;0.13;0.32;0.03;0.22;0.14;2.13;29.58;77.25;3.07;11.86;11.28;4.52;10.70;1.22;11.16;10.33;4.11;0.71;8.30;61.08;0.91;9.17;6.08;50.96;1.68132971778648;10.1824425842455;9.31101094655506
Šumperk;1;15.38;29.22;61.29;23.33;42.6;45.9;38.67;12.27;7.51;50.92;49.07;68.91;0.83;14.41;35.20;29.93;14.26;56.75;13.17;0.98;0.16;0.26;0.18;0.04;0.15;0.19;1.97;28.12;75.45;3.13;11.34;11.46;4.24;10.57;1.16;11.22;10.38;4.01;0.17;7.76;59.00;1.02;9.61;5.82;51.22;1.70609513158355;11.7698739699467;9.08870576829859
Tábor;0;15.74;26.54;62.2;22.06;42.3;45.1;40.3;11.62;7.41;60.6;39.39;72.56;0.39;11.89;32.96;32.73;17.14;65.88;0.38;1.02;0.05;0.07;0.11;0.07;0.63;0.23;2.18;31.56;79.87;3.86;12.69;12.77;4.95;10.43;1.19;10.37;10.20;3.58;1.48;8.37;60.08;1.01;11.19;7.59;51.04;1.60996451803666;11.3415564598169;9.23702950152594
Tachov;1;16.05;25.8;65.6;18.35;40.9;43.1;37.49;11.88;6.48;43.22;56.77;67.54;1.10;15.95;36.73;27.99;9.00;56.47;0.25;2.19;0.17;0.45;0.23;0.16;2.01;1.75;6.95;36.32;78.85;2.66;7.00;9.36;6.22;9.93;1.24;9.94;16.63;4.66;0.11;11.11;58.62;0.80;7.32;12.11;50.07;1.60393595730487;6.4469994391475;7.90241166573191
Tanvald;0;15.67;31.67;61;23.33;42.8;45.7;35.5;14.47;7.21;60.96;39.03;69.56;0.84;16.66;38.53;26.41;9.66;62;0.25;1.69;0.57;0.79;1.36;0.05;0.34;0.38;5.18;32.57;74.74;3.59;8.32;10.02;4.00;12.73;0.48;10.83;11.19;3.55;0.21;9.81;55.79;0.93;11.94;6.08;50.67;1.64140271493213;5.67343408131074;7.07779982699842
Telč;0;15.6;20.76;61.78;22.62;42.4;45.8;41.74;9.08;8.36;62.63;37.36;74.36;0.42;13.35;39.73;28.23;13.58;60.59;4.9;0.58;0.06;0.02;0.12;0.05;0.19;0.1;1.12;33.39;78.29;2.92;10.13;10.22;3.70;9.59;2.88;14.21;11.85;3.54;0.27;8.99;58.54;1.01;12.81;5.94;50.29;1.80447032306536;25.2830489555095;9.28081645670547
Teplice;1;15.82;32.69;63.66;20.52;41.5;44.3;34.87;14;7.22;45.07;54.92;63.6;1.00;16.13;33.24;28.74;12.33;62.75;0.16;1.12;0.08;0.59;0.5;0.59;1.05;0.67;4.59;32.49;74.06;3.39;10.69;11.34;5.15;10.28;0.31;8.59;11.38;4.12;0.10;8.70;56.72;0.85;8.49;8.01;51.36;1.5273491504259;5.1702031254519;6.51216149774894
Tišnov;0;18.46;16.22;61.73;19.82;40.7;42.9;42.4;9.18;6.98;61.01;38.98;74.87;0.34;11.04;32.56;31.93;20.31;54.03;21.58;0.97;0.09;0.1;0.05;0.03;0.29;0.07;1.59;22.79;79.53;4.25;14.92;13.49;5.07;9.78;0.98;11.18;9.13;2.91;0.19;7.62;61.90;0.88;11.08;5.68;50.87;1.6519203090675;24.3433454819656;11.8323488752042
Trhové Sviny;0;17.2;21.14;62.77;20.03;41.3;43.3;40.54;10.74;7.08;51.33;48.66;69.91;0.57;14.70;38.77;27.60;13.34;63.46;0.29;1.11;0.05;0.15;0.13;0.09;0.41;0.1;2.04;34.21;78.54;3.24;9.89;10.40;4.23;9.40;1.86;13.54;13.22;4.64;0.09;8.02;60.24;0.77;9.78;7.76;49.94;1.69403271147457;12.9828269484808;9.98150594451783
Trutnov;1;15.35;31.03;62.42;22.23;42.2;45.5;36.61;14.03;7.44;61.57;38.42;70.82;0.70;14.30;36.38;29.45;12.50;63.26;0.31;1.1;0.39;0.92;0.22;0.06;0.4;0.19;3.28;33.15;78.47;3.49;11.20;11.40;4.68;10.74;0.91;10.86;11.55;3.93;0.13;9.59;61.10;0.81;10.51;6.05;50.95;1.6148702708881;7.60231996451046;7.07161986757143
Třebíč;0;15.49;22.32;62.81;21.69;42.3;45.1;42.46;10.29;7.24;54.74;45.25;73.41;0.44;12.80;36.45;30.94;15.60;58.77;13.42;0.61;0.05;0.06;0.09;0.03;0.25;0.18;1.27;26.54;77.68;3.44;12.18;12.15;4.65;10.25;1.34;11.64;11.04;3.59;0.64;6.77;60.65;0.97;9.99;6.06;50.96;1.70357754027962;20.6187860668845;10.2468191615101
Třeboň;0;15.05;24.76;61.18;23.76;43.6;45.9;40.32;11.41;7.94;55.21;44.78;70.67;0.66;13.08;36.41;30.24;13.61;62.45;0.44;0.84;0.05;0.11;0.07;0.06;0.8;0.99;2.93;34.19;79.32;3.43;10.04;10.65;4.14;12.58;1.49;10.68;12.63;4.17;0.21;9.30;59.01;0.98;11.12;8.21;51.04;1.65595444894808;10.5983263598326;9.94560669456067
Třinec;0;15.74;22.64;62.92;21.34;41.8;45.3;42.17;10.37;8.2;50.32;49.67;65.24;0.52;13.15;33.02;31.71;16.84;59.36;4.71;2.06;14.69;0.1;0.13;0.04;0.11;0.09;17.21;18.71;76.76;3.57;12.36;13.04;4.83;9.83;0.48;9.52;12.27;3.64;0.11;7.13;63.08;0.76;7.59;5.34;51.39;1.66628929722198;35.5186002224862;12.3838075305919
Turnov;0;16.26;22.8;61.8;21.94;42;44.8;41.23;11.38;7.11;66.45;33.54;75.42;0.43;11.18;33.83;32.64;16.49;63.82;0.2;0.93;0.12;0.18;0.07;0.11;0.97;0.29;2.66;33.31;80.88;4.08;13.20;12.89;5.28;8.83;0.94;11.26;11.87;3.47;0.13;8.94;62.29;1.02;12.37;5.20;50.92;1.5572241428983;6.92610111186191;7.4083174642177
Týn nad Vltavou;0;16.11;25.62;64.89;19.01;41.3;43.5;39.34;11.7;6.98;56.26;43.73;70.17;0.49;12.99;37.22;30.41;13.81;62.51;0.55;0.89;0.04;0.08;0;0.01;0.1;0.06;1.18;35.76;79.51;3.19;9.81;12.37;4.37;10.03;2.01;12.91;12.34;3.91;0.74;7.83;63.53;0.78;9.08;6.12;50.24;1.69608703281277;12.5499186510871;9.17024108859636
Uherské Hradiště;0;15.33;20.66;63.09;21.58;42.3;45.5;42.75;10;7.66;58.24;41.75;72.09;0.72;13.06;34.99;29.82;17.10;54.71;24.85;1.29;0.06;0.04;0.03;0.06;0.22;0.11;1.80;18.63;78.77;3.86;12.87;12.69;4.50;9.38;0.71;12.52;10.94;3.63;0.25;7.43;62.71;0.84;9.66;5.56;51.56;1.61047411644321;30.0727335204169;13.2626997308287
Uherský Brod;0;15.11;21.62;62.95;21.95;42.2;45.7;43.09;8.82;8.13;53.67;46.32;71.26;0.47;13.89;37.41;29.44;14.29;55.11;22.14;1.53;0.04;0.04;0.05;0.02;0.16;0.1;1.94;20.81;76.84;3.59;10.82;11.08;4.19;9.16;0.71;14.14;11.28;3.70;0.19;7.97;59.75;1.03;10.39;5.67;50.62;1.73782361706091;41.3286643321661;11.3556778389195
Uničov;0;15.43;23.95;63.24;21.33;41.9;45.2;39.19;11.5;8.08;50.18;49.81;68.87;0.65;15.22;37.46;29.13;11.88;54.3;18.09;0.78;0.07;0.1;0.12;0.03;0.13;0.24;1.47;26.14;77.52;2.79;9.33;11.25;4.04;9.65;1.16;12.92;13.21;4.52;0.51;8.13;63.67;0.80;7.44;5.61;51.02;1.7226633758987;12.1024121487106;9.51432936710033
Ústí nad Labem;1;16.27;35.78;63.01;20.73;41;43.9;33.86;14.23;6.88;49.74;50.25;64.12;0.96;15.24;30.28;30.71;14.26;63.79;0.22;1.24;0.11;0.3;0.81;0.21;0.66;0.71;4.03;31.95;75.07;3.57;12.98;13.05;5.75;10.50;0.30;7.75;9.17;3.33;0.13;8.55;57.84;0.71;8.58;7.94;51.64;1.55632703697775;5.11762313875118;6.38340211626479
Ústí nad Orlicí;0;16.32;21.95;61.66;22.02;41.5;44.9;40.73;10.92;7.28;61.02;38.97;73.7;0.50;12.59;33.05;33.36;16.10;66;0.49;1.02;0.17;0.08;0.19;0.04;0.49;0.21;2.20;31.31;81.59;3.21;13.85;13.30;4.77;10.40;0.94;10.84;11.92;3.65;0.30;8.39;66.14;0.89;8.79;5.77;51.06;1.68256292906179;13.0045369211514;8.25250312891114
Valašské Klobouky;0;16.04;16.45;64.02;19.94;41;44.6;43.68;6.88;8.13;55.94;44.05;70.22;0.39;14.44;38.97;28.09;12.76;55.9;16.53;1.22;0.06;0.03;0;0.03;0.1;0.05;1.49;26.08;75.12;2.69;8.79;9.26;3.20;9.27;1.01;16.10;12.56;3.65;0.17;8.43;55.82;0.92;13.02;5.36;50.10;1.87902173913043;54.7549378200439;8.65032918800293
Valašské Meziříčí;0;16.45;23.43;63.06;20.49;41;44.5;40.22;10.52;7.29;56.5;43.49;71.13;0.52;11.89;34.49;32.63;16.51;59.88;9.38;1.18;0.16;0.06;0.12;0.02;0.18;0.11;1.83;28.91;78.48;3.57;12.71;12.46;4.38;9.98;0.69;10.92;12.49;3.45;0.25;7.58;61.70;1.17;9.86;5.75;51.02;1.68119898838947;24.1295665596746;10.9842452159851
Varnsdorf;1;16.05;34.55;61.33;22.62;42.1;44.6;34.9;13.22;7.13;42.46;57.53;64.03;0.92;16.60;36.23;28.20;8.70;59.17;0.23;1.38;0.43;0.86;0.4;0.09;0.24;0.59;3.99;36.61;73.01;2.62;8.46;9.48;3.96;10.08;0.53;11.31;12.63;4.13;0.14;9.68;55.18;1.02;8.33;8.48;51.35;1.64992704280156;4.80683545630864;6.23787807307229
Velké Meziříčí;0;17.48;18.67;64;18.52;40;43;42.86;8.22;6.8;59.42;40.57;74.81;0.47;12.25;36.84;30.49;15.86;56.13;14.83;0.55;0.02;0.05;0.01;0.06;0.41;0.11;1.19;27.83;78.24;3.71;11.58;12.39;4.84;9.16;1.54;12.60;11.57;3.46;0.21;7.18;62.55;0.91;10.00;4.79;50.64;1.7671483750666;34.0067902265264;11.3485835142205
Veselí nad Moravou;0;13.78;21.06;63.01;23.20;43.2;46.9;43.66;9.33;8.16;51.64;48.35;70.19;0.50;14.25;38.04;29.47;13.06;52.14;25.83;1.42;0.03;0.04;0.09;0.04;0.19;0.1;1.92;20.12;75.45;3.09;9.65;10.04;3.67;9.78;1.35;13.08;12.81;3.96;0.30;7.72;58.62;1.10;10.06;5.68;51.15;1.71937866055513;38.5204941044357;11.3110612015722
Vimperk;1;15.72;25.35;62.39;21.89;42.4;45.2;39.87;10.73;7.89;59.43;40.56;70;0.69;14.01;35.98;29.50;13.64;62.19;0.32;0.9;0.05;0.43;0.06;0.08;0.45;0.52;2.49;35;77.88;2.98;9.32;10.38;3.73;11.01;2.10;12.88;11.16;4.23;0.55;9.56;52.95;1.01;11.78;12.14;50.48;1.65045719035744;13.3089708829424;10.3913709772486
Vítkov;0;16.34;25.74;61.23;22.42;42.2;45.2;37.19;11.13;8.27;37.89;62.1;65.33;1.39;17.50;39.11;24.89;9.97;56.63;8.59;1.22;0.14;0.23;0.78;0.01;0.13;0.14;2.65;32.13;72.36;2.70;8.41;8.48;4.85;9.55;2.10;8.87;13.04;4.26;0.77;9.34;57.71;0.90;7.34;6.41;50.33;1.81540751767771;17.4410405077176;9.59022173470187
Vizovice;0;16.62;17.31;63.77;19.61;41.3;43.6;43.05;9.08;6.96;60;39.99;73.07;0.36;13.69;36.42;28.97;15.18;57.65;14.37;1.18;0.08;0.04;0.04;0.01;0.11;0.02;1.48;26.5;80.11;4.28;11.31;12.10;5.11;8.85;0.86;12.43;12.14;4.14;0.07;8.82;63.23;0.80;11.34;4.73;50.66;1.63495449374289;31.1629024507448;10.8361364728496
Vlašim;0;16.16;22.75;61.11;22.73;42.3;45;41.43;9.76;7.89;55.23;44.76;73.24;0.39;11.72;36.25;32.38;14.19;64.55;0.2;0.63;0.11;0.07;0.07;0.05;0.37;0.14;1.44;33.81;81.19;3.68;11.73;12.57;4.75;10.35;1.75;12.33;11.16;4.31;0.11;8.45;63.29;0.97;11.18;5.75;50.59;1.70621599188416;18.8514650080194;10.0614168916011
Vodňany;0;15.85;26.07;63.79;20.36;41.4;44;38.99;11.35;7.82;52.69;47.3;69.93;0.43;13.64;36.91;28.98;13.45;59.87;0.15;0.88;0.03;0.05;0.24;0.11;1.74;0.46;3.51;36.47;78.92;2.84;9.78;10.01;4.53;9.62;2.17;12.74;12.77;4.35;0.63;9.49;60.31;0.98;10.03;7.60;50.08;1.63425076452599;12.9295532646048;10.798969072165
Votice;0;16.51;21.88;61.01;22.48;42.3;45.1;40.08;10.14;8.28;52.77;47.22;72.08;1.58;12.79;38.70;29.98;12.16;63.16;0.17;0.66;0.06;0.06;0.01;0.05;0.41;0.1;1.36;35.32;78.17;3.35;10.46;11.60;5.13;11.09;2.12;12.16;10.79;3.50;0.21;7.76;58.72;0.83;12.99;5.64;50.77;1.68377201287635;14.6801508949354;10.4261979292078
Vrchlabí;1;16.24;28.21;61.5;22.26;42.1;44.9;37;12.85;7.56;66.33;33.66;74.12;0.60;14.99;37.33;29.26;12.15;63.33;0.25;0.95;0.2;0.2;0.07;0.05;0.45;0.21;2.13;34.29;79.95;3.69;9.82;11.36;4.62;12.51;0.99;9.62;13.28;4.14;0.07;9.83;61.72;1.07;11.76;5.40;50.82;1.62465668468149;6.29832170469546;6.76975297001697
Vsetín;0;15.42;22.48;63.41;21.17;41.9;45.3;40.03;10.18;7.88;57.68;42.31;69.91;0.53;13.57;35.52;31.28;14.46;58.12;9.27;1.05;0.08;0.04;0.38;0.04;0.24;0.06;1.88;30.72;77.11;3.15;10.78;11.03;3.76;9.67;1.09;13.27;12.39;3.71;0.13;8.13;59.89;0.94;10.79;5.49;51.05;1.69097093840124;29.571394365073;9.65120919466837
Vysoké Mýto;0;16.44;22.7;62.26;21.30;41.4;44.5;39.98;10.96;7.26;59.09;40.9;73.72;0.50;11.09;36.57;32.37;14.23;64.32;0.37;0.88;0.09;0.06;0.46;0.05;0.73;0.14;2.41;32.9;81.00;3.54;12.01;11.82;4.87;9.14;0.98;12.68;13.11;3.72;0.21;8.93;66.69;0.85;8.37;5.09;50.66;1.67465753424658;12.6059689262866;7.87242759446598
Vyškov;0;16.82;22.46;62.52;20.66;41.2;44.2;40.58;10.89;7.17;52.28;47.71;71.3;0.43;12.56;33.83;30.35;17.96;51.92;21.87;1.57;0.06;0.07;0.09;0.06;0.48;0.1;2.43;23.78;79.82;3.53;13.12;13.02;5.12;9.80;0.67;11.25;10.45;3.86;1.29;7.73;62.02;0.80;10.42;6.58;51.23;1.6393472513447;15.6051512149642;9.77410018841171
Zábřeh;0;16.4;23.49;61.34;22.25;42.1;44.9;40.87;10.29;7.72;49.76;50.23;71.49;0.42;13.82;37.66;29.35;13.61;56.67;15.53;0.82;0.09;0.1;0.11;0.02;0.07;0.07;1.31;26.52;76.88;2.89;10.21;11.31;4.50;9.86;0.84;12.38;13.10;4.01;0.24;7.53;62.71;0.89;7.78;5.51;51.34;1.72227848101266;16.9854082583049;9.61502638932009
Zlín;0;15.51;24.21;62.19;22.30;42;45.6;40;11.75;7.35;62.08;37.91;72.26;0.40;11.85;28.65;32.20;22.63;61.28;14.06;1.24;0.06;0.06;0.03;0.1;0.26;0.13;1.88;22.78;81.87;4.66;17.01;14.89;5.17;10.49;0.44;9.11;8.56;3.44;0.12;7.98;62.71;0.82;11.71;6.63;51.94;1.51449998839072;21.7409467913839;11.8359112306658
Znojmo;0;16.28;24.82;63.13;20.60;41.3;44.1;39.21;10.95;7.09;44.41;55.58;68.93;0.90;16.17;37.54;27.40;12.51;54.01;16.14;1.17;0.06;0.09;0.08;0.06;0.24;0.38;2.09;27.77;74.16;3.01;9.63;9.21;4.07;12.43;1.86;10.57;10.56;5.03;0.18;7.62;52.86;0.91;8.84;11.55;50.99;1.70546877030645;14.9381921480725;10.3342284560243
Žamberk;0;17.18;21.53;62.6;20.22;41.1;43.4;41.55;9.94;6.42;66.75;33.24;75.85;0.95;12.44;36.16;31.76;14.26;64.32;0.38;0.75;0.25;0.08;0.06;0.05;0.6;0.08;1.87;33.43;80.38;3.93;11.17;12.18;4.91;9.52;1.43;12.93;12.04;3.58;0.31;8.38;63.57;0.87;10.63;5.31;50.03;1.7727079072938;17.031492727016;9.80087558254484
Žatec;1;16.42;33.43;64.09;19.49;40.9;43.2;35.04;12.89;6.94;39.77;60.22;67.05;1.42;17.33;32.68;28.17;12.19;63.14;0.24;1.71;0.08;0.23;0.31;0.12;0.55;0.43;3.43;33.19;74.53;3.17;9.55;10.90;4.83;9.74;1.05;7.19;12.99;4.07;1.42;9.61;57.02;1.00;7.97;8.54;50.21;1.63137428192665;6.47159175196558;6.41967067200712
Žďár nad Sázavou;0;16.08;19.32;62.61;21.31;41.9;44.8;43.47;9.34;7.13;61.7;38.29;74.81;0.35;11.64;34.32;33.18;17.08;64.78;7.64;0.63;0.04;0.03;0.06;0.04;0.39;0.11;1.29;26.28;79.19;3.54;13.12;13.45;4.51;9.29;1.44;12.09;10.79;3.24;0.31;7.41;62.20;1.06;10.42;5.51;50.77;1.75220207989998;27.3645212843237;9.25468545692285
Železný Brod;0;16.37;22.6;59.84;23.79;42.7;45.4;41.08;11.52;7.16;61.96;38.03;72.36;0.47;12.51;35.98;32.06;13.16;63.13;0.15;1.12;0.44;0.15;0.06;0.09;1.37;0.26;3.49;33.23;80.62;3.77;11.18;11.20;4.46;8.97;0.60;13.02;13.38;3.41;0.26;10.37;59.83;1.17;12.88;6.74;50.97;1.62790697674419;7.25517005640062;7.73372073149889
Židlochovice;0;18.98;16.7;63.13;17.89;39.4;42.1;41.07;9.32;6.49;59.59;40.4;74.01;0.41;13.22;35.21;28.74;17.63;51.3;24.18;1.61;0.08;0.08;0.08;0.13;0.66;0.09;2.73;21.79;79.67;4.37;13.53;13.24;6.62;9.63;0.84;10.67;9.61;3.32;0.16;7.68;62.87;0.73;10.71;5.36;50.86;1.59171426505676;20.4611809569207;11.2524578442472
